-- Adminer 4.7.1 MySQL dump

SET NAMES utf8;
SET time_zone = '+00:00';
SET foreign_key_checks = 0;
SET sql_mode = 'NO_AUTO_VALUE_ON_ZERO';

DROP TABLE IF EXISTS `Eleve`;
CREATE TABLE `Eleve` (
  `id` int(200) NOT NULL AUTO_INCREMENT,
  `age` int(200) DEFAULT NULL,
  `Prenom` varchar(100) DEFAULT NULL,
  `Orientation` varchar(40) DEFAULT NULL,
  PRIMARY KEY (`id`)
) ENGINE=InnoDB DEFAULT CHARSET=latin1;

TRUNCATE `Eleve`;
INSERT INTO `Eleve` (`id`, `age`, `Prenom`, `Orientation`) VALUES
(1,	19,	'LeGrand Monsieur ',	'L'),
(2,	54,	'Jackie Michelin',	'Pro-Cadreur TV');

DROP TABLE IF EXISTS `MB_echantillon`;
CREATE TABLE `MB_echantillon` (
  `ECH_CODE` int(11) NOT NULL,
  `ECH_PRIXHT` double DEFAULT NULL,
  `MED_DEPOTLEGAL` varchar(9) DEFAULT NULL,
  PRIMARY KEY (`ECH_CODE`),
  KEY `MED_DEPOTLEGAL` (`MED_DEPOTLEGAL`),
  CONSTRAINT `MB_echantillon_ibfk_1` FOREIGN KEY (`MED_DEPOTLEGAL`) REFERENCES `MB_medicament` (`MED_DEPOTLEGAL`)
) ENGINE=InnoDB DEFAULT CHARSET=utf8;

TRUNCATE `MB_echantillon`;
INSERT INTO `MB_echantillon` (`ECH_CODE`, `ECH_PRIXHT`, `MED_DEPOTLEGAL`) VALUES
(1,	4.2,	'3MYC7'),
(2,	2.1,	'AMOPIL7'),
(3,	1.05,	'AMOXIG12'),
(4,	0.525,	'AMOXIG12'),
(5,	0.3,	'POMDI20'),
(6,	0.1,	'JOVAI8'),
(7,	10.5,	'DIMIRTAM6'),
(8,	5.25,	'TROXT21'),
(9,	3.3600000000000003,	'JOVAI8'),
(10,	2.205,	'DIMIRTAM6'),
(11,	0.525,	'URIEG6'),
(12,	0.735,	'DOLRIL7'),
(13,	0.8400000000000001,	'TXISOL22'),
(14,	1.05,	'DORNOM8'),
(15,	1.8900000000000001,	'PIRIZ8'),
(16,	6.300000000000001,	'EVILR7'),
(17,	0.21,	'EVILR7'),
(18,	0.37,	'INSXT5'),
(19,	0.504,	'TXISOL22'),
(20,	1.029,	'LIDOXY23'),
(21,	1.5750000000000002,	'LIDOXY23'),
(22,	1.8690000000000002,	'TXISOL22'),
(23,	1.6380000000000001,	'LIDOXY23'),
(24,	2.709,	'URIEG6'),
(25,	1.554,	'EQUILARX6'),
(26,	6.615,	'JOVAI8'),
(27,	3.57,	'INSXT5'),
(28,	3.045,	'PARMOL16'),
(29,	4.8615,	'TXISOL22'),
(30,	2.4779999999999998,	'LIDOXY23'),
(31,	1.3125,	'TXISOL22'),
(32,	1.4280000000000002,	'PIRIZ8'),
(33,	5.7540000000000004,	'BACTIV13');

DROP TABLE IF EXISTS `MB_famille`;
CREATE TABLE `MB_famille` (
  `FAM_CODE` varchar(3) NOT NULL,
  `FAM_LIBELLE` varchar(80) DEFAULT NULL,
  PRIMARY KEY (`FAM_CODE`)
) ENGINE=InnoDB DEFAULT CHARSET=utf8;

TRUNCATE `MB_famille`;
INSERT INTO `MB_famille` (`FAM_CODE`, `FAM_LIBELLE`) VALUES
('AA',	'Antalgiques en association'),
('AAA',	'Antalgiques antipyrÃ©tiques en association'),
('AAC',	'AntidÃ©presseur d\'action centrale'),
('AAH',	'Antivertigineux antihistaminique H1'),
('ABA',	'Antibiotique antituberculeux'),
('ABC',	'Antibiotique antiacnÃ©ique local'),
('ABP',	'Antibiotique de la famille des bÃ©ta-lactamines (pÃ©nicilline A)'),
('AFC',	'Antibiotique de la famille des cyclines'),
('AFM',	'Antibiotique de la famille des macrolides'),
('AH',	'Antihistaminique H1 local'),
('AIM',	'AntidÃ©presseur imipraminique (tricyclique)'),
('AIN',	'AntidÃ©presseur inhibiteur sÃ©lectif de la recapture de la sÃ©rotonine'),
('ALO',	'Antibiotique local (ORL)'),
('ANS',	'AntidÃ©presseur IMAO non sÃ©lectif'),
('AO',	'Antibiotique ophtalmique'),
('AP',	'Antipsychotique normothymique'),
('AUM',	'Antibiotique urinaire minute'),
('CRT',	'CorticoÃ¯de, antibiotique et antifongique Ã Â  usage local'),
('HYP',	'Hypnotique antihistaminique'),
('PSA',	'Psychostimulant, antiasthÃ©nique');

DROP TABLE IF EXISTS `MB_medicament`;
CREATE TABLE `MB_medicament` (
  `MED_DEPOTLEGAL` varchar(10) NOT NULL,
  `MED_NOMCOMMERCIAL` varchar(25) DEFAULT NULL,
  `FAM_CODE` varchar(3) DEFAULT NULL,
  `MED_COMPOSITION` varchar(255) DEFAULT NULL,
  `MED_EFFETS` varchar(255) DEFAULT NULL,
  `MED_CONTREINDIC` varchar(255) DEFAULT NULL,
  `MED_PRIXECHANTILLON` float DEFAULT NULL,
  `TVA_CODE` int(11) DEFAULT NULL,
  PRIMARY KEY (`MED_DEPOTLEGAL`),
  KEY `FAM_CODE` (`FAM_CODE`),
  CONSTRAINT `MB_medicament_ibfk_1` FOREIGN KEY (`FAM_CODE`) REFERENCES `MB_famille` (`FAM_CODE`)
) ENGINE=InnoDB DEFAULT CHARSET=utf8;

TRUNCATE `MB_medicament`;
INSERT INTO `MB_medicament` (`MED_DEPOTLEGAL`, `MED_NOMCOMMERCIAL`, `FAM_CODE`, `MED_COMPOSITION`, `MED_EFFETS`, `MED_CONTREINDIC`, `MED_PRIXECHANTILLON`, `TVA_CODE`) VALUES
('3MYC7',	'TRIMYCINE',	'CRT',	'Triamcinolone (acÃ©tonide) + NÃ©omycine + Nystatine',	'Ce mÃ©dicament est un corticoÃ¯de Ã Â  activitÃ© forte ou trÃ¨s forte associÃ© Ã Â  un antibiotique et un antifongique, utilisÃ© en application locale dans certaines atteintes cutanÃ©es surinfectÃ©es.',	'Ce mÃ©dicament est contre-indiquÃ© en cas d\'allergie Ã Â  l\'un des constituants, d\'infections de la peau ou de parasitisme non traitÃ©s, d\'acnÃ©. Ne pas appliquer sur une plaie, ni sous un pansement occlusif.',	NULL,	4),
('ADIMOL9',	'ADIMOL',	'ABP',	'Amoxicilline + Acide clavulanique',	'Ce mÃ©dicament, plus puissant que les pÃ©nicillines simples, est utilisÃ© pour traiter des infections bactÃ©riennes spÃ©cifiques.',	'Ce mÃ©dicament est contre-indiquÃ© en cas d\'allergie aux pÃ©nicillines ou aux cÃ©phalosporines.',	NULL,	3),
('AMOPIL7',	'AMOPIL',	'ABP',	'Amoxicilline',	'Ce mÃ©dicament, plus puissant que les pÃ©nicillines simples, est utilisÃ© pour traiter des infections bactÃ©riennes spÃ©cifiques.',	'Ce mÃ©dicament est contre-indiquÃ© en cas d\'allergie aux pÃ©nicillines. Il doit Ãªtre administrÃ© avec prudence en cas d\'allergie aux cÃ©phalosporines.',	NULL,	3),
('AMOX45',	'AMOXAR',	'ABP',	'Amoxicilline',	'Ce mÃ©dicament, plus puissant que les pÃ©nicillines simples, est utilisÃ© pour traiter des infections bactÃ©riennes spÃ©cifiques.',	'La prise de ce mÃ©dicament peut rendre positifs les tests de dÃ©pistage du dopage.',	NULL,	3),
('AMOXIG12',	'AMOXI GÃ©',	'ABP',	'Amoxicilline',	'Ce mÃ©dicament, plus puissant que les pÃ©nicillines simples, est utilisÃ© pour traiter des infections bactÃ©riennes spÃ©cifiques.',	'Ce mÃ©dicament est contre-indiquÃ© en cas d\'allergie aux pÃ©nicillines. Il doit Ãªtre administrÃ© avec prudence en cas d\'allergie aux cÃ©phalosporines.',	NULL,	3),
('APATOUX22',	'APATOUX Vitamine C',	'ALO',	'Tyrothricine + TÃ©tracaÃ¯ne + Acide ascorbique (Vitamine C)',	'Ce mÃ©dicament est utilisÃ© pour traiter les affections de la bouche et de la gorge.',	'Ce mÃ©dicament est contre-indiquÃ© en cas d\'allergie Ã Â  l\'un des constituants, en cas de phÃ©nylcÃ©tonurie et chez l\'enfant de moins de 6 ans.',	NULL,	3),
('BACTIG10',	'BACTIGEL',	'ABC',	'Erythromycine',	'Ce mÃ©dicament est utilisÃ© en application locale pour traiter l\'acnÃ© et les infections cutanÃ©es bactÃ©riennes associÃ©es.',	'Ce mÃ©dicament est contre-indiquÃ© en cas d\'allergie aux antibiotiques de la famille des macrolides ou des lincosanides.',	NULL,	4),
('BACTIV13',	'BACTIVIL',	'AFM',	'Erythromycine',	'Ce mÃ©dicament est utilisÃ© pour traiter des infections bactÃ©riennes spÃ©cifiques.',	'Ce mÃ©dicament est contre-indiquÃ© en cas d\'allergie aux macrolides (dont le chef de file est l\'Ã©rythromycine).',	NULL,	4),
('BITALV',	'BIVALIC',	'AAA',	'DextropropoxyphÃ¨ne + ParacÃ©tamol',	'Ce mÃ©dicament est utilisÃ© pour traiter les douleurs d\'intensitÃ© modÃ©rÃ©e ou intense.',	'Ce mÃ©dicament est contre-indiquÃ© en cas d\'allergie aux mÃ©dicaments de cette famille, d\'insuffisance hÃ©patique ou d\'insuffisance rÃ©nale.',	NULL,	4),
('CARTION6',	'CARTION',	'AAA',	'Acide acÃ©tylsalicylique (aspirine) + Acide ascorbique (Vitamine C) + ParacÃ©tamol',	'Ce mÃ©dicament est utilisÃ© dans le traitement symptomatique de la douleur ou de la fiÃ¨vre.',	'Ce mÃ©dicament est contre-indiquÃ© en cas de troubles de la coagulation (tendances aux hÃ©morragies), d\'ulcÃ¨re gastroduodÃ©nal, maladies graves du foie.',	NULL,	4),
('CLAZER6',	'CLAZER',	'AFM',	'Clarithromycine',	'Ce mÃ©dicament est utilisÃ© pour traiter des infections bactÃ©riennes spÃ©cifiques. Il est Ã©galement utilisÃ© dans le traitement de l\'ulcÃ¨re gastro-duodÃ©nal, en association avec d\'autres mÃ©dicaments.',	'Ce mÃ©dicament est contre-indiquÃ© en cas d\'allergie aux macrolides (dont le chef de file est l\'Ã©rythromycine).',	NULL,	4),
('DEPRIL9',	'DEPRAMIL',	'AIM',	'Clomipramine',	'Ce mÃ©dicament est utilisÃ© pour traiter les Ã©pisodes dÃ©pressifs sÃ©vÃ¨res, certaines douleurs rebelles, les troubles obsessionnels compulsifs et certaines Ã©nurÃ©sies chez l\'enfant.',	'Ce mÃ©dicament est contre-indiquÃ© en cas de glaucome ou d\'adÃ©nome de la prostate, d\'infarctus rÃ©cent, ou si vous avez reÃ Â§u un traitement par IMAO durant les 2 semaines prÃ©cÃ©dentes ou en cas d\'allergie aux antidÃ©presseurs imipraminiques.',	NULL,	2),
('DIMIRTAM6',	'DIMIRTAM',	'AAC',	'Mirtazapine',	'Ce mÃ©dicament est utilisÃ© pour traiter les Ã©pisodes dÃ©pressifs sÃ©vÃ¨res.',	'La prise de ce produit est contre-indiquÃ©e en cas de d\'allergie Ã Â  l\'un des constituants.',	NULL,	2),
('DOLRIL7',	'DOLORIL',	'AAA',	'Acide acÃ©tylsalicylique (aspirine) + Acide ascorbique (Vitamine C) + ParacÃ©tamol',	'Ce mÃ©dicament est utilisÃ© dans le traitement symptomatique de la douleur ou de la fiÃ¨vre.',	'Ce mÃ©dicament est contre-indiquÃ© en cas d\'allergie au paracÃ©tamol ou aux salicylates.',	NULL,	2),
('DORNOM8',	'NORMADOR',	'HYP',	'Doxylamine',	'Ce mÃ©dicament est utilisÃ© pour traiter l\'insomnie chez l\'adulte.',	'Ce mÃ©dicament est contre-indiquÃ© en cas de glaucome, de certains troubles urinaires (rÃ©tention urinaire) et chez l\'enfant de moins de 15 ans.',	NULL,	4),
('EQUILARX6',	'EQUILAR',	'AAH',	'MÃ©clozine',	'Ce mÃ©dicament est utilisÃ© pour traiter les vertiges et pour prÃ©venir le mal des transports.',	'Ce mÃ©dicament ne doit pas Ãªtre utilisÃ© en cas d\'allergie au produit, en cas de glaucome ou de rÃ©tention urinaire.',	NULL,	2),
('EVILR7',	'EVEILLOR',	'PSA',	'Adrafinil',	'Ce mÃ©dicament est utilisÃ© pour traiter les troubles de la vigilance et certains symptomes neurologiques chez le sujet agÃ©.',	'Ce mÃ©dicament est contre-indiquÃ© en cas d\'allergie Ã Â  l\'un des constituants.',	NULL,	2),
('INSXT5',	'INSECTIL',	'AH',	'DiphÃ©nydramine',	'Ce mÃ©dicament est utilisÃ© en application locale sur les piqÃ»res d\'insecte et l\'urticaire.',	'Ce mÃ©dicament est contre-indiquÃ© en cas d\'allergie aux antihistaminiques.',	NULL,	4),
('JOVAI8',	'JOVENIL',	'AFM',	'Josamycine',	'Ce mÃ©dicament est utilisÃ© pour traiter des infections bactÃ©riennes spÃ©cifiques.',	'Ce mÃ©dicament est contre-indiquÃ© en cas d\'allergie aux macrolides (dont le chef de file est l\'Ã©rythromycine).',	NULL,	4),
('LIDOXY23',	'LIDOXYTRACINE',	'AFC',	'OxytÃ©tracycline +LidocaÃ¯ne',	'Ce mÃ©dicament est utilisÃ© en injection intramusculaire pour traiter certaines infections spÃ©cifiques.',	'Ce mÃ©dicament est contre-indiquÃ© en cas d\'allergie Ã Â  l\'un des constituants. Il ne doit pas Ãªtre associÃ© aux rÃ©tinoÃ¯des.',	NULL,	4),
('LITHOR12',	'LITHORINE',	'AP',	'Lithium',	'Ce mÃ©dicament est indiquÃ© dans la prÃ©vention des psychoses maniaco-dÃ©pressives ou pour traiter les Ã©tats maniaques.',	'Ce mÃ©dicament ne doit pas Ãªtre utilisÃ© si vous Ãªtes allergique au lithium. Avant de prendre ce traitement, signalez Ã Â  votre mÃ©decin traitant si vous souffrez d\'insuffisance rÃ©nale, ou si vous avez un rÃ©gime sans sel.',	NULL,	4),
('PARMOL16',	'PARMOCODEINE',	'AA',	'CodÃ©ine + ParacÃ©tamol',	'Ce mÃ©dicament est utilisÃ© pour le traitement des douleurs lorsque des antalgiques simples ne sont pas assez efficaces.',	'Ce mÃ©dicament est contre-indiquÃ© en cas d\'allergie Ã Â  l\'un des constituants, chez l\'enfant de moins de 15 Kg, en cas d\'insuffisance hÃ©patique ou respiratoire, d\'asthme, de phÃ©nylcÃ©tonurie et chez la femme qui allaite.',	NULL,	4),
('PHYSOI8',	'PHYSICOR',	'PSA',	'Sulbutiamine',	'Ce mÃ©dicament est utilisÃ© pour traiter les baisses d\'activitÃ© physique ou psychique, souvent dans un contexte de dÃ©pression.',	'Ce mÃ©dicament est contre-indiquÃ© en cas d\'allergie Ã Â  l\'un des constituants.',	NULL,	4),
('PIRIZ8',	'PIRIZAN',	'ABA',	'Pyrazinamide',	'Ce mÃ©dicament est utilisÃ©, en association Ã Â  d\'autres antibiotiques, pour traiter la tuberculose.',	'Ce mÃ©dicament est contre-indiquÃ© en cas d\'allergie Ã Â  l\'un des constituants, d\'insuffisance rÃ©nale ou hÃ©patique, d\'hyperuricÃ©mie ou de porphyrie.',	NULL,	4),
('POMDI20',	'POMADINE',	'AO',	'Bacitracine',	'Ce mÃ©dicament est utilisÃ© pour traiter les infections oculaires de la surface de l\'oeil.',	'Ce mÃ©dicament est contre-indiquÃ© en cas d\'allergie aux antibiotiques appliquÃ©s localement.',	NULL,	4),
('TROXT21',	'TROXADET',	'AIN',	'ParoxÃ©tine',	'Ce mÃ©dicament est utilisÃ© pour traiter la dÃ©pression et les troubles obsessionnels compulsifs. Il peut Ã©galement Ãªtre utilisÃ© en prÃ©vention des crises de panique avec ou sans agoraphobie.',	'Ce mÃ©dicament est contre-indiquÃ© en cas d\'allergie au produit.',	NULL,	4),
('TXISOL22',	'TOUXISOL Vitamine C',	'ALO',	'Tyrothricine + Acide ascorbique (Vitamine C)',	'Ce mÃ©dicament est utilisÃ© pour traiter les affections de la bouche et de la gorge.',	'Ce mÃ©dicament est contre-indiquÃ© en cas d\'allergie Ã Â  l\'un des constituants et chez l\'enfant de moins de 6 ans.',	NULL,	4),
('URIEG6',	'URIREGUL',	'AUM',	'Fosfomycine tromÃ©tamol',	'Ce mÃ©dicament est utilisÃ© pour traiter les infections urinaires simples chez la femme de moins de 65 ans.',	'La prise de ce mÃ©dicament est contre-indiquÃ©e en cas d\'allergie Ã Â  l\'un des constituants et d\'insuffisance rÃ©nale.',	NULL,	4);

DROP TABLE IF EXISTS `MB_praticien`;
CREATE TABLE `MB_praticien` (
  `PRA_NUM` smallint(6) NOT NULL,
  `PRA_NOM` varchar(25) DEFAULT NULL,
  `PRA_PRENOM` varchar(30) DEFAULT NULL,
  `PRA_ADRESSE` varchar(50) DEFAULT NULL,
  `PRA_CP` varchar(5) DEFAULT NULL,
  `PRA_VILLE` varchar(25) DEFAULT NULL,
  `PRA_COEFNOTORIETE` float DEFAULT NULL,
  `TYP_CODE` varchar(3) DEFAULT NULL,
  PRIMARY KEY (`PRA_NUM`),
  KEY `TYP_CODE` (`TYP_CODE`),
  CONSTRAINT `MB_praticien_ibfk_1` FOREIGN KEY (`TYP_CODE`) REFERENCES `MB_type_praticien` (`TYP_CODE`)
) ENGINE=InnoDB DEFAULT CHARSET=utf8;

TRUNCATE `MB_praticien`;
INSERT INTO `MB_praticien` (`PRA_NUM`, `PRA_NOM`, `PRA_PRENOM`, `PRA_ADRESSE`, `PRA_CP`, `PRA_VILLE`, `PRA_COEFNOTORIETE`, `TYP_CODE`) VALUES
(1,	'Notini',	'Alain',	'114 r Authie',	'85000',	'LA ROCHE SUR YON',	290.03,	'MH'),
(2,	'Gosselin',	'Albert',	'13 r Devon',	'41000',	'BLOIS',	307.49,	'MV'),
(3,	'Delahaye',	'AndrÃ©',	'36 av 6 Juin',	'25000',	'BESANCON',	185.79,	'PS'),
(4,	'Leroux',	'AndrÃ©',	'47 av Robert Schuman',	'60000',	'BEAUVAIS',	172.04,	'PH'),
(5,	'Desmoulins',	'Anne',	'31 r St Jean',	'30000',	'NIMES',	94.75,	'PO'),
(6,	'Mouel',	'Anne',	'27 r Auvergne',	'80000',	'AMIENS',	45.2,	'MH'),
(7,	'Desgranges-Lentz',	'Antoine',	'1 r Albert de Mun',	'29000',	'MORLAIX',	20.07,	'MV'),
(8,	'Marcouiller',	'Arnaud',	'31 r St Jean',	'68000',	'MULHOUSE',	396.52,	'PS'),
(9,	'Dupuy',	'Benoit',	'9 r Demolombe',	'34000',	'MONTPELLIER',	395.66,	'PH'),
(10,	'Lerat',	'Bernard',	'31 r St Jean',	'59000',	'LILLE',	257.79,	'PO'),
(11,	'MarÃ§ais-Lefebvre',	'Bertrand',	'86Bis r Basse',	'67000',	'STRASBOURG',	450.96,	'MH'),
(12,	'Boscher',	'Bruno',	'94 r Falaise',	'10000',	'TROYES',	356.14,	'MV'),
(13,	'Morel',	'Catherine',	'21 r Chateaubriand',	'75000',	'PARIS',	379.57,	'PS'),
(14,	'Guivarch',	'Chantal',	'4 av GÃ©n Laperrine',	'45000',	'ORLEANS',	114.56,	'PH'),
(15,	'Bessin-Grosdoit',	'Christophe',	'92 r Falaise',	'6000',	'NICE',	222.06,	'PO'),
(16,	'Rossa',	'Claire',	'14 av ThiÃ¨s',	'6000',	'NICE',	529.78,	'MH'),
(17,	'Cauchy',	'Denis',	'5 av Ste ThÃ©rÃ¨se',	'11000',	'NARBONNE',	458.82,	'MV'),
(18,	'GaffÃ©',	'Dominique',	'9 av 1Ã¨re ArmÃ©e FranÃ§aise',	'35000',	'RENNES',	213.4,	'PS'),
(19,	'Guenon',	'Dominique',	'98 bd Mar Lyautey',	'44000',	'NANTES',	175.89,	'PH'),
(20,	'PrÃ©vot',	'Dominique',	'29 r Lucien Nelle',	'87000',	'LIMOGES',	151.36,	'PO'),
(21,	'Houchard',	'Eliane',	'9 r Demolombe',	'49100',	'ANGERS',	436.96,	'MH'),
(22,	'Desmons',	'Elisabeth',	'51 r BerniÃ¨res',	'29000',	'QUIMPER',	281.17,	'MV'),
(23,	'Flament',	'Elisabeth',	'11 r Pasteur',	'35000',	'RENNES',	315.6,	'PS'),
(24,	'Goussard',	'Emmanuel',	'9 r Demolombe',	'41000',	'BLOIS',	40.72,	'PH'),
(25,	'Desprez',	'Eric',	'9 r Vaucelles',	'33000',	'BORDEAUX',	406.85,	'PO'),
(26,	'Coste',	'Evelyne',	'29 r Lucien Nelle',	'19000',	'TULLE',	441.87,	'MH'),
(27,	'Lefebvre',	'FrÃ©dÃ©ric',	'2 pl Wurzburg',	'55000',	'VERDUN',	573.63,	'MV'),
(28,	'LemÃ©e',	'FrÃ©dÃ©ric',	'29 av 6 Juin',	'56000',	'VANNES',	326.4,	'PS'),
(29,	'Martin',	'FrÃ©dÃ©ric',	'BÃ¢t A 90 r Bayeux',	'70000',	'VESOUL',	506.06,	'PH'),
(30,	'Marie',	'FrÃ©dÃ©rique',	'172 r CaponiÃ¨re',	'70000',	'VESOUL',	313.31,	'PO'),
(31,	'Rosenstech',	'GeneviÃ¨ve',	'27 r Auvergne',	'75000',	'PARIS',	366.82,	'MH'),
(32,	'Pontavice',	'Ghislaine',	'8 r Gaillon',	'86000',	'POITIERS',	265.58,	'MV'),
(33,	'Leveneur-Mosquet',	'Guillaume',	'47 av Robert Schuman',	'64000',	'PAU',	184.97,	'PS'),
(34,	'Blanchais',	'Guy',	'30 r Authie',	'8000',	'SEDAN',	502.48,	'PH'),
(35,	'Leveneur',	'Hugues',	'7 pl St Gilles',	'62000',	'ARRAS',	7.39,	'PO'),
(36,	'Mosquet',	'Isabelle',	'22 r Jules Verne',	'76000',	'ROUEN',	77.1,	'MH'),
(37,	'Giraudon',	'Jean-Christophe',	'1 r Albert de Mun',	'38100',	'VIENNE',	92.62,	'MV'),
(38,	'Marie',	'Jean-Claude',	'26 r HÃ©rouville',	'69000',	'LYON',	120.1,	'PS'),
(39,	'Maury',	'Jean-FranÃ§ois',	'5 r Pierre Girard',	'71000',	'CHALON SUR SAONE',	13.73,	'PH'),
(40,	'Dennel',	'Jean-Louis',	'7 pl St Gilles',	'28000',	'CHARTRES',	550.69,	'PO'),
(41,	'Ain',	'Jean-Pierre',	'4 rÃ©sid Olympia',	'2000',	'LAON',	5.59,	'MH'),
(42,	'Chemery',	'Jean-Pierre',	'51 pl Ancienne Boucherie',	'14000',	'CAEN',	396.58,	'MV'),
(43,	'Comoz',	'Jean-Pierre',	'35 r Auguste Lechesne',	'18000',	'BOURGES',	340.35,	'PS'),
(44,	'Desfaudais',	'Jean-Pierre',	'7 pl St Gilles',	'29000',	'BREST',	71.76,	'PH'),
(45,	'Phan',	'JÃ©rÃƒÂ´me',	'9 r Clos Caillet',	'79000',	'NIORT',	451.61,	'PO'),
(46,	'Riou',	'Line',	'43 bd GÃ©n Vanier',	'77000',	'MARNE LA VALLEE',	193.25,	'MH'),
(47,	'Chubilleau',	'Louis',	'46 r Eglise',	'17000',	'SAINTES',	202.07,	'MV'),
(48,	'Lebrun',	'Lucette',	'178 r Auge',	'54000',	'NANCY',	410.41,	'PS'),
(49,	'Goessens',	'Marc',	'6 av 6 Juin',	'39000',	'DOLE',	548.57,	'PH'),
(50,	'Laforge',	'Marc',	'5 rÃ©sid Prairie',	'50000',	'SAINT LO',	265.05,	'PO'),
(51,	'Millereau',	'Marc',	'36 av 6 Juin',	'72000',	'LA FERTE BERNARD',	430.42,	'MH'),
(52,	'Dauverne',	'Marie-Christine',	'69 av Charlemagne',	'21000',	'DIJON',	281.05,	'MV'),
(53,	'Vittorio',	'Myriam',	'3 pl Champlain',	'94000',	'BOISSY SAINT LEGER',	356.23,	'PS'),
(54,	'Lapasset',	'Nhieu',	'31 av 6 Juin',	'52000',	'CHAUMONT',	107,	'PH'),
(55,	'Plantet-Besnier',	'Nicole',	'10 av 1Ã¨re ArmÃ©e FranÃ§aise',	'86000',	'CHATELLEREAULT',	369.94,	'PO'),
(56,	'Chubilleau',	'Pascal',	'3 r Hastings',	'15000',	'AURRILLAC',	290.75,	'MH'),
(57,	'Robert',	'Pascal',	'31 r St Jean',	'93000',	'BOBIGNY',	162.41,	'MV'),
(58,	'Jean',	'Pascale',	'114 r Authie',	'49100',	'SAUMUR',	375.52,	'PS'),
(59,	'Chanteloube',	'Patrice',	'14 av ThiÃ¨s',	'13000',	'MARSEILLE',	478.01,	'PH'),
(60,	'Lecuirot',	'Patrice',	'rÃ©sid St PÃ¨res 55 r PigaciÃ¨re',	'54000',	'NANCY',	239.66,	'PO'),
(61,	'Gandon',	'Patrick',	'47 av Robert Schuman',	'37000',	'TOURS',	599.06,	'MH'),
(62,	'Mirouf',	'Patrick',	'22 r Puits Picard',	'74000',	'ANNECY',	458.42,	'MV'),
(63,	'Boireaux',	'Philippe',	'14 av ThiÃ¨s',	'10000',	'CHALON EN CHAMPAGNE',	454.48,	'PS'),
(64,	'Cendrier',	'Philippe',	'7 pl St Gilles',	'12000',	'RODEZ',	164.16,	'PH'),
(65,	'Duhamel',	'Philippe',	'114 r Authie',	'34000',	'MONTPELLIER',	98.62,	'PO'),
(66,	'Grigy',	'Philippe',	'15 r MÃ©lingue',	'44000',	'CLISSON',	285.1,	'MH'),
(67,	'Linard',	'Philippe',	'1 r Albert de Mun',	'81000',	'ALBI',	486.3,	'MV'),
(68,	'Lozier',	'Philippe',	'8 r Gaillon',	'31000',	'TOULOUSE',	48.4,	'PS'),
(69,	'DechÃ¢tre',	'Pierre',	'63 av ThiÃ¨s',	'23000',	'MONTLUCON',	253.75,	'PH'),
(70,	'Goessens',	'Pierre',	'22 r Jean Romain',	'40000',	'MONT DE MARSAN',	426.19,	'PO'),
(71,	'LemÃ©nager',	'Pierre',	'39 av 6 Juin',	'57000',	'METZ',	118.7,	'MH'),
(72,	'NÃ©e',	'Pierre',	'39 av 6 Juin',	'82000',	'MONTAUBAN',	72.54,	'MV'),
(73,	'Guyot',	'Pierre-Laurent',	'43 bd GÃ©n Vanier',	'48000',	'MENDE',	352.31,	'PS'),
(74,	'Chauchard',	'Roger',	'9 r Vaucelles',	'13000',	'MARSEILLE',	552.19,	'PH'),
(75,	'Mabire',	'Roland',	'11 r Boutiques',	'67000',	'STRASBOURG',	422.39,	'PO'),
(76,	'Leroy',	'Soazig',	'45 r Boutiques',	'61000',	'ALENCON',	570.67,	'MH'),
(77,	'Guyot',	'StÃ©phane',	'26 r HÃ©rouville',	'46000',	'FIGEAC',	28.85,	'MV'),
(78,	'Delposen',	'Sylvain',	'39 av 6 Juin',	'27000',	'DREUX',	292.01,	'PS'),
(79,	'Rault',	'Sylvie',	'15 bd Richemond',	'2000',	'SOISSON',	526.6,	'PH'),
(80,	'Renouf',	'Sylvie',	'98 bd Mar Lyautey',	'88000',	'EPINAL',	425.24,	'PO'),
(81,	'Alliet-Grach',	'Thierry',	'14 av ThiÃ¨s',	'7000',	'PRIVAS',	451.31,	'MH'),
(82,	'Bayard',	'Thierry',	'92 r Falaise',	'42000',	'SAINT ETIENNE',	271.71,	'MV'),
(83,	'Gauchet',	'Thierry',	'7 r Desmoueux',	'38100',	'GRENOBLE',	406.1,	'PS'),
(84,	'Bobichon',	'Tristan',	'219 r CaponiÃ¨re',	'9000',	'FOIX',	218.36,	'PH'),
(85,	'Duchemin-Laniel',	'VÃ©ronique',	'130 r St Jean',	'33000',	'LIBOURNE',	265.61,	'PO'),
(86,	'Laurent',	'YounÃ¨s',	'34 r Demolombe',	'53000',	'MAYENNE',	496.1,	'MH');

DROP TABLE IF EXISTS `MB_proposer`;
CREATE TABLE `MB_proposer` (
  `RAP_NUM` int(11) DEFAULT NULL,
  `ECH_NUM` int(11) DEFAULT NULL,
  KEY `RAP_NUM` (`RAP_NUM`),
  KEY `ECH_NUM` (`ECH_NUM`),
  CONSTRAINT `MB_proposer_ibfk_1` FOREIGN KEY (`RAP_NUM`) REFERENCES `MB_rapport_visite` (`RAP_NUM`),
  CONSTRAINT `MB_proposer_ibfk_2` FOREIGN KEY (`ECH_NUM`) REFERENCES `MB_echantillon` (`ECH_CODE`)
) ENGINE=InnoDB DEFAULT CHARSET=utf8;

TRUNCATE `MB_proposer`;
INSERT INTO `MB_proposer` (`RAP_NUM`, `ECH_NUM`) VALUES
(3,	1),
(1,	3),
(21,	4),
(22,	5),
(3,	6),
(19,	7),
(1,	8),
(1,	10),
(7,	13),
(2,	18),
(3,	18),
(8,	18),
(22,	18),
(18,	19),
(21,	21),
(8,	22),
(3,	23),
(12,	24),
(4,	25),
(9,	28),
(5,	29),
(19,	30),
(4,	31),
(6,	31),
(3,	32),
(5,	32),
(9,	32),
(10,	32),
(18,	32),
(21,	32),
(22,	32),
(5,	33);

DROP TABLE IF EXISTS `MB_rapport_visite`;
CREATE TABLE `MB_rapport_visite` (
  `VIS_MATRICULE` varchar(4) DEFAULT NULL,
  `RAP_NUM` int(11) NOT NULL,
  `PRA_NUM` int(11) DEFAULT NULL,
  `RAP_DATE` datetime DEFAULT NULL,
  `RAP_BILAN` varchar(255) DEFAULT NULL,
  `RAP_MOTIF` varchar(255) DEFAULT NULL,
  PRIMARY KEY (`RAP_NUM`),
  KEY `VIS_MATRICULE` (`VIS_MATRICULE`),
  CONSTRAINT `MB_rapport_visite_ibfk_1` FOREIGN KEY (`VIS_MATRICULE`) REFERENCES `MB_visiteur` (`VIS_MATRICULE`)
) ENGINE=InnoDB DEFAULT CHARSET=utf8;

TRUNCATE `MB_rapport_visite`;
INSERT INTO `MB_rapport_visite` (`VIS_MATRICULE`, `RAP_NUM`, `PRA_NUM`, `RAP_DATE`, `RAP_BILAN`, `RAP_MOTIF`) VALUES
('p49',	1,	76,	'2015-06-23 00:00:00',	'RAS\r\nChangement de tel : 05 89 89 89 89',	'Rapport Annuel'),
('m45',	2,	57,	'2016-08-19 00:00:00',	'Changement de direction, redÃ©finition de la politique mÃ©dicamenteuse, recours au gÃ©nÃ©rique',	'Baisse activitÃ©'),
('a131',	3,	23,	'2002-02-18 00:00:00',	'MÃ©decin curieux, Ã  recontacer en dÃ©cembre pour rÃ©union',	'Actualisation annuelle'),
('a17',	4,	4,	'2002-02-20 00:00:00',	NULL,	NULL),
('d13',	5,	57,	'2016-07-07 00:00:00',	NULL,	NULL),
('q17',	6,	59,	'2016-08-18 00:00:00',	NULL,	NULL),
('a131',	7,	41,	'2002-02-19 00:00:00',	NULL,	NULL),
('r24',	8,	45,	'2015-10-16 00:00:00',	NULL,	NULL),
('p49',	9,	5,	'2016-10-18 00:00:00',	NULL,	NULL),
('p7',	10,	60,	'2015-10-11 00:00:00',	NULL,	NULL),
('b13',	11,	56,	'2016-10-05 00:00:00',	NULL,	NULL),
('n42',	12,	17,	'2014-06-13 00:00:00',	NULL,	NULL),
('f21',	18,	79,	'2014-09-16 00:00:00',	NULL,	NULL),
('o26',	19,	56,	'2014-08-12 00:00:00',	NULL,	NULL),
('r24',	20,	17,	'2014-10-21 00:00:00',	NULL,	NULL),
('a131',	21,	18,	'2016-12-15 00:00:00',	NULL,	NULL),
('a55',	22,	6,	'2016-06-21 00:00:00',	NULL,	NULL);

DROP TABLE IF EXISTS `MB_type_praticien`;
CREATE TABLE `MB_type_praticien` (
  `TYP_CODE` varchar(3) NOT NULL,
  `TYP_LIBELLE` varchar(25) DEFAULT NULL,
  `TYP_LIEU` varchar(35) DEFAULT NULL,
  PRIMARY KEY (`TYP_CODE`)
) ENGINE=InnoDB DEFAULT CHARSET=utf8;

TRUNCATE `MB_type_praticien`;
INSERT INTO `MB_type_praticien` (`TYP_CODE`, `TYP_LIBELLE`, `TYP_LIEU`) VALUES
('MH',	'MÃ©decin Hospitalier',	'Hopital ou clinique'),
('MV',	'MÃ©decine de Ville',	'Cabinet'),
('PH',	'Pharmacien Hospitalier',	'Hopital ou clinique'),
('PO',	'Pharmacien Officine',	'Pharmacie'),
('PS',	'Personnel de santÃ©',	'Centre paramÃ©dical');

DROP TABLE IF EXISTS `MB_visiteur`;
CREATE TABLE `MB_visiteur` (
  `VIS_MATRICULE` varchar(10) NOT NULL,
  `VIS_NOM` varchar(25) DEFAULT NULL,
  `Vis_PRENOM` varchar(50) DEFAULT NULL,
  `VIS_ADRESSE` varchar(50) DEFAULT NULL,
  `VIS_CP` varchar(5) DEFAULT NULL,
  `VIS_VILLE` varchar(30) DEFAULT NULL,
  `VIS_DATEEMBAUCHE` datetime DEFAULT NULL,
  `SEC_CODE` varchar(1) DEFAULT NULL,
  `LAB_CODE` varchar(2) DEFAULT NULL,
  PRIMARY KEY (`VIS_MATRICULE`)
) ENGINE=InnoDB DEFAULT CHARSET=utf8;

TRUNCATE `MB_visiteur`;
INSERT INTO `MB_visiteur` (`VIS_MATRICULE`, `VIS_NOM`, `Vis_PRENOM`, `VIS_ADRESSE`, `VIS_CP`, `VIS_VILLE`, `VIS_DATEEMBAUCHE`, `SEC_CODE`, `LAB_CODE`) VALUES
('a131',	'Villechalane',	'Louis',	'8 cours Lafontaine',	'29000',	'BREST',	'1992-12-11 00:00:00',	NULL,	'SW'),
('a17',	'Andre',	'David',	'1 r Aimon de ChissÃ©e',	'38100',	'GRENOBLE',	'1991-08-26 00:00:00',	NULL,	'GY'),
('a55',	'Bedos',	'Christian',	'1 r BÃ©nÃ©dictins',	'65000',	'TARBES',	'1987-07-17 00:00:00',	NULL,	'GY'),
('a93',	'Tusseau',	'Louis',	'22 r Renou',	'86000',	'POITIERS',	'1999-01-02 00:00:00',	NULL,	'SW'),
('b13',	'Bentot',	'Pascal',	'11 av 6 Juin',	'67000',	'STRASBOURG',	'1996-03-11 00:00:00',	NULL,	'GY'),
('b16',	'Bioret',	'Luc',	'1 r Linne',	'35000',	'RENNES',	'1997-03-21 00:00:00',	NULL,	'SW'),
('b19',	'Bunisset',	'Francis',	'10 r Nicolas Chorier',	'85000',	'LA ROCHE SUR YON',	'1999-01-31 00:00:00',	NULL,	'GY'),
('b25',	'Bunisset',	'Denise',	'1 r Lionne',	'49100',	'ANGERS',	'1994-07-03 00:00:00',	NULL,	'SW'),
('b28',	'Cacheux',	'Bernard',	'114 r Authie',	'34000',	'MONTPELLIER',	'2000-08-02 00:00:00',	NULL,	'GY'),
('b34',	'Cadic',	'Eric',	'123 r CaponiÃ¨re',	'41000',	'BLOIS',	'1993-12-06 00:00:00',	'P',	'SW'),
('b4',	'Charoze',	'Catherine',	'100 pl GÃ©ants',	'33000',	'BORDEAUX',	'1997-09-25 00:00:00',	NULL,	'SW'),
('b50',	'Clepkens',	'Christophe',	'12 r FÃ©dÃ©rico Garcia Lorca',	'13000',	'MARSEILLE',	'1998-01-18 00:00:00',	NULL,	'SW'),
('b59',	'Cottin',	'Vincenne',	'36 sq Capucins',	'5000',	'GAP',	'1995-10-21 00:00:00',	NULL,	'GY'),
('c14',	'Daburon',	'FranÃ§ois',	'13 r Champs ElysÃ©es',	'6000',	'NICE',	'1989-02-01 00:00:00',	'S',	'SW'),
('c3',	'De',	'Philippe',	'13 r Charles Peguy',	'10000',	'TROYES',	'1992-05-05 00:00:00',	NULL,	'SW'),
('c54',	'Debelle',	'Michel',	'181 r CaponiÃ¨re',	'88000',	'EPINAL',	'1991-04-09 00:00:00',	NULL,	'SW'),
('d13',	'Debelle',	'Jeanne',	'134 r Stalingrad',	'44000',	'NANTES',	'1991-12-05 00:00:00',	NULL,	'SW'),
('d51',	'Debroise',	'Michel',	'2 av 6 Juin',	'70000',	'VESOUL',	'1997-11-18 00:00:00',	'E',	'GY'),
('e22',	'Desmarquest',	'Nathalie',	'14 r FÃ©dÃ©rico Garcia Lorca',	'54000',	'NANCY',	'1989-03-24 00:00:00',	NULL,	'GY'),
('e24',	'Desnost',	'Pierre',	'16 r Barral de Montferrat',	'55000',	'VERDUN',	'1993-05-17 00:00:00',	'E',	'SW'),
('e39',	'Dudouit',	'FrÃ©dÃ©ric',	'18 quai Xavier Jouvin',	'75000',	'PARIS',	'1988-04-26 00:00:00',	NULL,	'GY'),
('e49',	'Duncombe',	'Claude',	'19 av Alsace Lorraine',	'9000',	'FOIX',	'1996-02-19 00:00:00',	NULL,	'GY'),
('e5',	'Enault-Pascreau',	'CÃ©line',	'25B r Stalingrad',	'40000',	'MONT DE MARSAN',	'1990-11-27 00:00:00',	'S',	'GY'),
('e52',	'Eynde',	'ValÃ©rie',	'3 r Henri Moissan',	'76000',	'ROUEN',	'1991-10-31 00:00:00',	NULL,	'GY'),
('f21',	'Finck',	'Jacques',	'rte Montreuil Bellay',	'74000',	'ANNECY',	'1993-06-08 00:00:00',	NULL,	'SW'),
('f39',	'FrÃ©mont',	'Fernande',	'4 r Jean Giono',	'69000',	'LYON',	'1997-02-15 00:00:00',	NULL,	'GY'),
('f4',	'Gest',	'Alain',	'30 r Authie',	'46000',	'FIGEAC',	'1994-05-03 00:00:00',	NULL,	'GY'),
('g19',	'Gheysen',	'Galassus',	'32 bd Mar Foch',	'75000',	'PARIS',	'1996-01-18 00:00:00',	NULL,	'SW'),
('g30',	'Girard',	'Yvon',	'31 av 6 Juin',	'80000',	'AMIENS',	'1999-03-27 00:00:00',	'N',	'GY'),
('g53',	'Gombert',	'Luc',	'32 r Emile Gueymard',	'56000',	'VANNES',	'1985-10-02 00:00:00',	NULL,	'GY'),
('g7',	'Guindon',	'Caroline',	'40 r Mar Montgomery',	'87000',	'LIMOGES',	'1996-01-13 00:00:00',	NULL,	'GY'),
('h13',	'Guindon',	'FranÃ§ois',	'44 r PicotiÃ¨re',	'19000',	'TULLE',	'1993-05-08 00:00:00',	NULL,	'SW'),
('h30',	'Igigabel',	'Guy',	'33 gal Arlequin',	'94000',	'CRETEIL',	'1998-04-26 00:00:00',	NULL,	'SW'),
('h35',	'Jourdren',	'Pierre',	'34 av Jean Perrot',	'15000',	'AURRILLAC',	'1993-08-26 00:00:00',	NULL,	'GY'),
('h40',	'Juttard',	'Pierre-Raoul',	'34 cours Jean JaurÃ¨s',	'8000',	'SEDAN',	'1992-11-01 00:00:00',	NULL,	'GY'),
('j45',	'LabourÃ©-Morel',	'Saout',	'38 cours Berriat',	'52000',	'CHAUMONT',	'1998-02-25 00:00:00',	'N',	'SW'),
('j50',	'LandrÃ©',	'Philippe',	'4 av GÃ©n Laperrine',	'59000',	'LILLE',	'1992-12-16 00:00:00',	NULL,	'GY'),
('j8',	'Langeard',	'Hugues',	'39 av Jean Perrot',	'93000',	'BAGNOLET',	'1998-06-18 00:00:00',	'P',	'GY'),
('k4',	'Lanne',	'Bernard',	'4 r Bayeux',	'30000',	'NIMES',	'1996-11-21 00:00:00',	NULL,	'SW'),
('k53',	'Le',	'NoÃ«l',	'4 av Beauvert',	'68000',	'MULHOUSE',	'1983-03-23 00:00:00',	NULL,	'SW'),
('l14',	'Le',	'Jean',	'39 r Raspail',	'53000',	'LAVAL',	'1995-02-02 00:00:00',	NULL,	'SW'),
('l23',	'Leclercq',	'Servane',	'11 r Quinconce',	'18000',	'BOURGES',	'1995-06-05 00:00:00',	NULL,	'SW'),
('l46',	'Lecornu',	'Jean-Bernard',	'4 bd Mar Foch',	'72000',	'LA FERTE BERNARD',	'1997-01-24 00:00:00',	NULL,	'GY'),
('l56',	'Lecornu',	'Ludovic',	'4 r Abel Servien',	'25000',	'BESANCON',	'1996-02-27 00:00:00',	NULL,	'SW'),
('m35',	'Lejard',	'AgnÃ¨s',	'4 r Anthoard',	'82000',	'MONTAUBAN',	'1987-10-06 00:00:00',	NULL,	'SW'),
('m45',	'Lesaulnier',	'Pascal',	'47 r Thiers',	'57000',	'METZ',	'1990-10-13 00:00:00',	NULL,	'SW'),
('n42',	'Letessier',	'StÃ©phane',	'5 chem Capuche',	'27000',	'EVREUX',	'1996-03-06 00:00:00',	NULL,	'GY'),
('n58',	'Loirat',	'Didier',	'Les PÃªchers citÃ© Bourg la Croix',	'45000',	'ORLEANS',	'1992-08-30 00:00:00',	NULL,	'GY'),
('n59',	'Maffezzoli',	'Thibaud',	'5 r Chateaubriand',	'2000',	'LAON',	'1994-12-19 00:00:00',	NULL,	'SW'),
('o26',	'Mancini',	'Anne',	'5 r D\'Agier',	'48000',	'MENDE',	'1995-01-05 00:00:00',	NULL,	'GY'),
('p32',	'Marcouiller',	'GÃ©rard',	'7 pl St Gilles',	'91000',	'ISSY LES MOULINEAUX',	'1992-12-24 00:00:00',	NULL,	'GY'),
('p40',	'Michel',	'Jean-Claude',	'5 r Gabriel PÃ©ri',	'61000',	'FLERS',	'1992-12-14 00:00:00',	'O',	'SW'),
('p41',	'Montecot',	'FranÃ§oise',	'6 r Paul ValÃ©ry',	'17000',	'SAINTES',	'1998-07-27 00:00:00',	NULL,	'GY'),
('p42',	'Notini',	'Veronique',	'5 r Lieut Chabal',	'60000',	'BEAUVAIS',	'1994-12-12 00:00:00',	NULL,	'SW'),
('p49',	'Onfroy',	'Den',	'5 r Sidonie Jacolin',	'37000',	'TOURS',	'1977-10-03 00:00:00',	NULL,	'GY'),
('p6',	'Pascreau',	'Charles',	'57 bd Mar Foch',	'64000',	'PAU',	'1997-03-30 00:00:00',	NULL,	'SW'),
('p7',	'Pernot',	'Claude-NoÃ«l',	'6 r Alexandre 1 de Yougoslavie',	'11000',	'NARBONNE',	'1990-03-01 00:00:00',	NULL,	'SW'),
('p8',	'Perrier',	'MaÃ®tre',	'6 r Aubert Dubayet',	'71000',	'CHALON SUR SAONE',	'1991-06-23 00:00:00',	NULL,	'GY'),
('q17',	'Petit',	'Jean-Louis',	'7 r Ernest Renan',	'50000',	'SAINT LO',	'1997-09-06 00:00:00',	NULL,	'GY'),
('r24',	'Piquery',	'Patrick',	'9 r Vaucelles',	'14000',	'CAEN',	'1984-07-29 00:00:00',	'O',	'GY'),
('r58',	'Quiquandon',	'JoÃ«l',	'7 r Ernest Renan',	'29000',	'QUIMPER',	'1990-06-30 00:00:00',	NULL,	'GY'),
('s10',	'Retailleau',	'Josselin',	'88Bis r Saumuroise',	'39000',	'DOLE',	'1995-11-14 00:00:00',	NULL,	'SW'),
('s21',	'Retailleau',	'Pascal',	'32 bd Ayrault',	'23000',	'MONTLUCON',	'1992-09-25 00:00:00',	NULL,	'SW'),
('t43',	'Souron',	'Maryse',	'7B r Gay Lussac',	'21000',	'DIJON',	'1995-03-09 00:00:00',	NULL,	'SW'),
('t47',	'Tiphagne',	'Patrick',	'7B r Gay Lussac',	'62000',	'ARRAS',	'1997-08-29 00:00:00',	NULL,	'SW'),
('t55',	'TrÃ©het',	'Alain',	'7D chem Barral',	'12000',	'RODEZ',	'1994-11-29 00:00:00',	NULL,	'SW'),
('t60',	'Tusseau',	'Josselin',	'63 r Bon Repos',	'28000',	'CHARTRES',	'1991-03-29 00:00:00',	NULL,	'GY'),
('zzz',	'swiss',	'bourdin',	NULL,	NULL,	NULL,	'2003-06-18 00:00:00',	NULL,	'BC');

DROP TABLE IF EXISTS `PorteFolio_user`;
CREATE TABLE `PorteFolio_user` (
  `nom` varchar(30) NOT NULL,
  `password` varchar(30) NOT NULL
) ENGINE=InnoDB DEFAULT CHARSET=latin1;

TRUNCATE `PorteFolio_user`;
INSERT INTO `PorteFolio_user` (`nom`, `password`) VALUES
('Soulayman',	'1234');

DROP TABLE IF EXISTS `SLAM4_Membres`;
CREATE TABLE `SLAM4_Membres` (
  `email` varchar(30) NOT NULL,
  `nom` varchar(30) DEFAULT NULL,
  `prenom` varchar(30) DEFAULT NULL,
  `role` int(30) DEFAULT NULL,
  PRIMARY KEY (`email`),
  KEY `role` (`role`),
  CONSTRAINT `SLAM4_Membres_ibfk_1` FOREIGN KEY (`role`) REFERENCES `SLAM4_Roles` (`role_id`)
) ENGINE=InnoDB DEFAULT CHARSET=latin1;

TRUNCATE `SLAM4_Membres`;
INSERT INTO `SLAM4_Membres` (`email`, `nom`, `prenom`, `role`) VALUES
('modo@root.fr',	'modo',	'lemodo',	2),
('root@root.fr',	'root',	'toor',	1),
('utilisateur@root.fr',	'user',	'leuser',	3);

DROP TABLE IF EXISTS `SLAM4_Roles`;
CREATE TABLE `SLAM4_Roles` (
  `role_id` int(30) NOT NULL AUTO_INCREMENT,
  `role_name` varchar(30) DEFAULT NULL,
  PRIMARY KEY (`role_id`)
) ENGINE=InnoDB DEFAULT CHARSET=latin1;

TRUNCATE `SLAM4_Roles`;
INSERT INTO `SLAM4_Roles` (`role_id`, `role_name`) VALUES
(1,	'administrateur'),
(2,	'modérateur'),
(3,	'utilisateur ');

DROP TABLE IF EXISTS `wc_classes`;
CREATE TABLE `wc_classes` (
  `classes_id` int(11) NOT NULL,
  `classes_name` varchar(20) DEFAULT NULL,
  `classes_power_type` varchar(11) DEFAULT NULL,
  PRIMARY KEY (`classes_id`)
) ENGINE=InnoDB DEFAULT CHARSET=utf8;

TRUNCATE `wc_classes`;
INSERT INTO `wc_classes` (`classes_id`, `classes_name`, `classes_power_type`) VALUES
(1,	'Guerrier',	'rage'),
(2,	'Paladin',	'mana'),
(3,	'Chasseur',	'focus'),
(4,	'Voleur',	'energy'),
(5,	'Prêtre',	'mana'),
(6,	'Chevalier de la mort',	'runic-power'),
(7,	'Chaman',	'mana'),
(8,	'Mage',	'mana'),
(9,	'Démoniste',	'mana'),
(10,	'Moine',	'energy'),
(11,	'Druide',	'mana'),
(12,	'Chasseur de démons',	'fury');

DROP TABLE IF EXISTS `wc_Faction`;
CREATE TABLE `wc_Faction` (
  `faction_id` int(11) NOT NULL,
  `faction_name` varchar(10) DEFAULT NULL,
  PRIMARY KEY (`faction_id`)
) ENGINE=InnoDB DEFAULT CHARSET=utf8;

TRUNCATE `wc_Faction`;
INSERT INTO `wc_Faction` (`faction_id`, `faction_name`) VALUES
(1,	'Alliance'),
(2,	'Horde'),
(3,	'neutral');

DROP TABLE IF EXISTS `wc_members`;
CREATE TABLE `wc_members` (
  `id` int(11) NOT NULL AUTO_INCREMENT,
  `members_character_race` int(11) DEFAULT NULL,
  `members_character_spec_description` varchar(178) DEFAULT NULL,
  `members_character_name` varchar(17) DEFAULT NULL,
  `members_character_achievement_points` int(11) DEFAULT NULL,
  `members_character_spec_role` varchar(7) DEFAULT NULL,
  `members_character_realm` varchar(5) DEFAULT NULL,
  `members_character_guild_realm` varchar(5) DEFAULT NULL,
  `members_rank` int(11) DEFAULT NULL,
  `members_character_battlegroup` varchar(6) DEFAULT NULL,
  `members_character_spec_order` int(11) DEFAULT NULL,
  `members_character_spec_name` varchar(20) DEFAULT NULL,
  `members_character_gender` int(11) DEFAULT NULL,
  `members_character_class` int(11) DEFAULT NULL,
  `members_character_spec_icon` varchar(34) DEFAULT NULL,
  `members_character_spec_background_image` varchar(22) DEFAULT NULL,
  `members_character_level` int(11) DEFAULT NULL,
  `members_character_guild` varchar(13) DEFAULT NULL,
  `members_character_thumbnail` varchar(30) DEFAULT NULL,
  PRIMARY KEY (`id`),
  KEY `members_character_race` (`members_character_race`),
  KEY `members_character_class` (`members_character_class`),
  CONSTRAINT `wc_members_ibfk_1` FOREIGN KEY (`members_character_race`) REFERENCES `wc_races` (`races_id`),
  CONSTRAINT `wc_members_ibfk_2` FOREIGN KEY (`members_character_class`) REFERENCES `wc_classes` (`classes_id`)
) ENGINE=InnoDB DEFAULT CHARSET=utf8;

TRUNCATE `wc_members`;
INSERT INTO `wc_members` (`id`, `members_character_race`, `members_character_spec_description`, `members_character_name`, `members_character_achievement_points`, `members_character_spec_role`, `members_character_realm`, `members_character_guild_realm`, `members_rank`, `members_character_battlegroup`, `members_character_spec_order`, `members_character_spec_name`, `members_character_gender`, `members_character_class`, `members_character_spec_icon`, `members_character_spec_background_image`, `members_character_level`, `members_character_guild`, `members_character_thumbnail`) VALUES
(1,	10,	'Invoque la puissance de la Lumière pour protéger et soigner.',	'Bàllôu',	13780,	'HEALING',	'Hyjal',	'Hyjal',	5,	'Misery',	0,	'Sacré',	1,	2,	'spell_holy_holybolt',	'bg-paladin-holy',	110,	'Kitten Cannon',	'hyjal/120/114312056-avatar.jpg'),
(2,	8,	'Une maîtresse de la magie de lOmbre qui se spécialise dans les drains et les sorts de dégâts sur la durée.',	'Reactorslock',	16165,	'DPS',	'Hyjal',	'Hyjal',	5,	'Misery',	0,	'Affliction',	1,	9,	'spell_shadow_deathcoil',	'bg-warlock-affliction',	110,	'Kitten Cannon',	'hyjal/207/114332111-avatar.jpg'),
(3,	10,	'Enflamme ses ennemis à laide de boules de feu et du souffle des dragons.',	'Ballöu',	13760,	'DPS',	'Hyjal',	'Hyjal',	5,	'Misery',	1,	'Feu',	1,	8,	'spell_fire_firebolt02',	'bg-mage-fire',	110,	'Kitten Cannon',	'hyjal/216/114350808-avatar.jpg'),
(4,	10,	'Invoque la puissance de la Lumière pour protéger et soigner.',	'Alynornor',	12270,	'HEALING',	'Hyjal',	'Hyjal',	5,	'Misery',	0,	'Sacré',	1,	2,	'spell_holy_holybolt',	'bg-paladin-holy',	110,	'Kitten Cannon',	'hyjal/184/114422200-avatar.jpg'),
(5,	10,	'Enflamme ses ennemis à laide de boules de feu et du souffle des dragons.',	'Nydra',	12300,	'DPS',	'Hyjal',	'Hyjal',	5,	'Misery',	1,	'Feu',	1,	8,	'spell_fire_firebolt02',	'bg-mage-fire',	110,	'Kitten Cannon',	'hyjal/89/114422617-avatar.jpg'),
(6,	8,	'Une maîtresse de la magie de lOmbre qui se spécialise dans les drains et les sorts de dégâts sur la durée.',	'Rønak',	12300,	'DPS',	'Hyjal',	'Hyjal',	5,	'Misery',	0,	'Affliction',	0,	9,	'spell_shadow_deathcoil',	'bg-warlock-affliction',	110,	'Kitten Cannon',	'hyjal/131/114422659-avatar.jpg'),
(7,	10,	'Un pratiquant des arts martiaux hors pair qui roue de coups ses ennemis à laide de ses mains et de ses poings.',	'Birana',	2750,	'DPS',	'Hyjal',	'Hyjal',	5,	'Misery',	2,	'Marche-vent',	1,	10,	'spell_monk_windwalker_spec',	'bg-monk-battledancer',	110,	'Kitten Cannon',	'hyjal/11/114422795-avatar.jpg'),
(8,	2,	'Un funeste messager de glace, qui canalise sa puissance runique et frappe rapidement avec son arme.',	'Ragnrôk',	12300,	'DPS',	'Hyjal',	'Hyjal',	5,	'Misery',	1,	'Givre',	0,	6,	'spell_deathknight_frostpresence',	'bg-deathknight-frost',	110,	'Kitten Cannon',	'hyjal/206/114423502-avatar.jpg'),
(9,	8,	'Une maîtresse de la magie de lOmbre qui se spécialise dans les drains et les sorts de dégâts sur la durée.',	'Xiâ',	19945,	'DPS',	'Hyjal',	'Hyjal',	5,	'Misery',	0,	'Affliction',	1,	9,	'spell_shadow_deathcoil',	'bg-warlock-affliction',	110,	'Kitten Cannon',	'hyjal/220/114424284-avatar.jpg'),
(10,	28,	'Utilise la magie de la Nature pour lancer des sorts de soins sur la durée visant à maintenir ses alliés en vie.',	'Balloou',	13780,	'HEALING',	'Hyjal',	'Hyjal',	5,	'Misery',	3,	'Restauration',	0,	11,	'spell_nature_healingtouch',	'bg-druid-restoration',	110,	'Kitten Cannon',	'hyjal/85/114424661-avatar.jpg'),
(11,	10,	'Une maîtresse endurcie dans lart du combat avec des armes à deux mains, qui associe mobilité et frappes surpuissantes pour mettre ses adversaires au tapis.',	'Melïndra',	12300,	'DPS',	'Hyjal',	'Hyjal',	5,	'Misery',	0,	'Armes',	1,	1,	'ability_warrior_savageblow',	'bg-warrior-arms',	110,	'Kitten Cannon',	'hyjal/248/114489592-avatar.jpg'),
(12,	8,	'Enflamme ses ennemis à laide de boules de feu et du souffle des dragons.',	'Ellînne',	15220,	'DPS',	'Hyjal',	'Hyjal',	5,	'Misery',	1,	'Feu',	1,	8,	'spell_fire_firebolt02',	'bg-mage-fire',	110,	'Kitten Cannon',	'hyjal/23/114553367-avatar.jpg'),
(13,	2,	'Un maître-archer ou tireur délite, qui excelle dans lexécution de cibles éloignées.',	'Dharaa',	14020,	'DPS',	'Hyjal',	'Hyjal',	5,	'Misery',	1,	'Précision',	0,	3,	'ability_hunter_focusedaim',	'bg-hunter-marksman',	110,	'Kitten Cannon',	'hyjal/224/114620128-avatar.jpg'),
(14,	10,	'Enflamme ses ennemis à laide de boules de feu et du souffle des dragons.',	'Linactors',	16165,	'DPS',	'Hyjal',	'Hyjal',	5,	'Misery',	1,	'Feu',	1,	8,	'spell_fire_firebolt02',	'bg-mage-fire',	110,	'Kitten Cannon',	'hyjal/51/114744371-avatar.jpg'),
(15,	26,	'Une fugitive impitoyable utilisant agilité et ruse pour affronter ses ennemis.',	'Shenlock',	26030,	'DPS',	'Hyjal',	'Hyjal',	3,	'Misery',	1,	'Hors-la-loi',	0,	4,	'inv_sword_30',	'bg-rogue-combat',	110,	'Kitten Cannon',	'hyjal/179/114880435-avatar.jpg'),
(16,	10,	'Utilise la magie du Sacré pour se protéger et défendre ses alliés.',	'Shyñe',	18125,	'TANK',	'Hyjal',	'Hyjal',	4,	'Misery',	1,	'Protection',	1,	2,	'ability_paladin_shieldofthetemplar',	'bg-paladin-protection',	110,	'Kitten Cannon',	'hyjal/125/114941821-avatar.jpg'),
(17,	2,	'Un maître de la faune, capable de dompter une grande variété de bêtes qui lassisteront au combat.',	'Arvyre',	12300,	'DPS',	'Hyjal',	'Hyjal',	5,	'Misery',	0,	'Maîtrise des bêtes',	0,	3,	'ability_hunter_bestialdiscipline',	'bg-hunter-beastmaster',	110,	'Kitten Cannon',	'hyjal/3/114967811-avatar.jpg'),
(18,	10,	'Une soigneuse qui maîtrise lart mystérieux de la manipulation des énergies vitales, avec laide de la sagesse du Serpent de jade et des techniques médicales pandarènes.',	'Shynmonk',	18125,	'HEALING',	'Hyjal',	'Hyjal',	5,	'Misery',	1,	'Tisse-brume',	1,	10,	'spell_monk_mistweaver_spec',	'bg-monk-mistweaver',	110,	'Kitten Cannon',	'hyjal/231/114968551-avatar.jpg'),
(19,	10,	'Un sombre traqueur qui surgit de lombre pour tendre une embuscade à sa proie sans méfiance.',	'Reactors',	16165,	'DPS',	'Hyjal',	'Hyjal',	4,	'Misery',	2,	'Finesse',	1,	4,	'ability_stealth',	'bg-rogue-subtlety',	110,	'Kitten Cannon',	'hyjal/141/115001485-avatar.jpg'),
(20,	26,	'Une robuste combattante qui se sert de breuvages fortifiants et de mouvements imprévisibles pour éviter les dégâts et protéger ses alliés.',	'Cornélo',	26030,	'TANK',	'Hyjal',	'Hyjal',	1,	'Misery',	0,	'Maître brasseur',	0,	10,	'spell_monk_brewmaster_spec',	'bg-monk-brewmaster',	110,	'Kitten Cannon',	'hyjal/158/115009182-avatar.jpg'),
(21,	8,	'Enflamme ses ennemis à laide de boules de feu et du souffle des dragons.',	'Dharia',	14070,	'DPS',	'Hyjal',	'Hyjal',	5,	'Misery',	1,	'Feu',	0,	8,	'spell_fire_firebolt02',	'bg-mage-fire',	110,	'Kitten Cannon',	'hyjal/27/115009307-avatar.jpg'),
(22,	10,	'Une maîtresse endurcie dans lart du combat avec des armes à deux mains, qui associe mobilité et frappes surpuissantes pour mettre ses adversaires au tapis.',	'Dendiwar',	15615,	'DPS',	'Hyjal',	'Hyjal',	6,	'Misery',	0,	'Armes',	1,	1,	'ability_warrior_savageblow',	'bg-warrior-arms',	110,	'Kitten Cannon',	'hyjal/215/115062999-avatar.jpg'),
(23,	10,	'Une maîtresse endurcie dans lart du combat avec des armes à deux mains, qui associe mobilité et frappes surpuissantes pour mettre ses adversaires au tapis.',	'Reactorswar',	16155,	'DPS',	'Hyjal',	'Hyjal',	5,	'Misery',	0,	'Armes',	1,	1,	'ability_warrior_savageblow',	'bg-warrior-arms',	110,	'Kitten Cannon',	'hyjal/144/115091344-avatar.jpg'),
(24,	8,	'Une soigneuse polyvalente qui peut panser les blessures dindividus ou de groupes entiers, même après sa mort.',	'Evolie',	18360,	'HEALING',	'Hyjal',	'Hyjal',	3,	'Misery',	1,	'Sacré',	1,	5,	'spell_holy_guardianspirit',	'bg-priest-holy',	110,	'Kitten Cannon',	'hyjal/100/115093604-avatar.jpg'),
(25,	6,	'Peut prendre la forme dun puissant sélénien qui recherche léquilibre entre la puissance des Arcanes et la magie de la Nature pour détruire ses ennemis à distance.',	'Dendimon',	15635,	'DPS',	'Hyjal',	'Hyjal',	6,	'Misery',	0,	'Équilibre',	0,	11,	'spell_nature_starfall',	'bg-druid-balance',	110,	'Kitten Cannon',	'hyjal/67/115098435-avatar.jpg'),
(26,	10,	'Un pratiquant des arts martiaux hors pair qui roue de coups ses ennemis à laide de ses mains et de ses poings.',	'Reactorsmonk',	16165,	'DPS',	'Hyjal',	'Hyjal',	5,	'Misery',	2,	'Marche-vent',	1,	10,	'spell_monk_windwalker_spec',	'bg-monk-battledancer',	110,	'Kitten Cannon',	'hyjal/111/115111023-avatar.jpg'),
(27,	2,	'Un maître-archer ou tireur délite, qui excelle dans lexécution de cibles éloignées.',	'Gilgamash',	26030,	'DPS',	'Hyjal',	'Hyjal',	3,	'Misery',	1,	'Précision',	0,	3,	'ability_hunter_focusedaim',	'bg-hunter-marksman',	110,	'Kitten Cannon',	'hyjal/177/115111857-avatar.jpg'),
(28,	6,	'Prend la forme dun ours puissant pour absorber les dégâts et protéger ses alliés.',	'Cornèlo',	26030,	'TANK',	'Hyjal',	'Hyjal',	1,	'Misery',	2,	'Gardien',	0,	11,	'ability_racial_bearform',	'bg-druid-bear',	110,	'Kitten Cannon',	'hyjal/129/115114113-avatar.jpg'),
(29,	8,	'Un sombre traqueur qui surgit de lombre pour tendre une embuscade à sa proie sans méfiance.',	'Xenöphik',	12300,	'DPS',	'Hyjal',	'Hyjal',	5,	'Misery',	2,	'Finesse',	0,	4,	'ability_stealth',	'bg-rogue-subtlety',	110,	'Kitten Cannon',	'hyjal/23/115311383-avatar.jpg'),
(30,	2,	'Une sombre gardienne qui manipule et corrompt lénergie vitale pour se renforcer lors des assauts ennemis.',	'Dendï',	15565,	'TANK',	'Hyjal',	'Hyjal',	6,	'Misery',	0,	'Sang',	1,	6,	'spell_deathknight_bloodpresence',	'bg-deathknight-blood',	108,	'Kitten Cannon',	'hyjal/195/115750083-avatar.jpg'),
(31,	10,	'Invoque la puissance de la Lumière pour protéger et soigner.',	'Dhâra',	14070,	'HEALING',	'Hyjal',	'Hyjal',	5,	'Misery',	0,	'Sacré',	1,	2,	'spell_holy_holybolt',	'bg-paladin-holy',	110,	'Kitten Cannon',	'hyjal/194/117025474-avatar.jpg'),
(32,	8,	'Une maîtresse de la magie de lOmbre qui se spécialise dans les drains et les sorts de dégâts sur la durée.',	'Dhariaz',	14070,	'DPS',	'Hyjal',	'Hyjal',	4,	'Misery',	0,	'Affliction',	0,	9,	'spell_shadow_deathcoil',	'bg-warlock-affliction',	110,	'Kitten Cannon',	'hyjal/119/117079927-avatar.jpg'),
(33,	10,	'Une soigneuse qui maîtrise lart mystérieux de la manipulation des énergies vitales, avec laide de la sagesse du Serpent de jade et des techniques médicales pandarènes.',	'Miaoü',	18490,	'HEALING',	'Hyjal',	'Hyjal',	2,	'Misery',	1,	'Tisse-brume',	1,	10,	'spell_monk_mistweaver_spec',	'bg-monk-mistweaver',	110,	'Kitten Cannon',	'hyjal/167/117361831-avatar.jpg'),
(34,	10,	'Un maître-archer ou tireur délite, qui excelle dans lexécution de cibles éloignées.',	'Dendïmon',	13195,	'DPS',	'Hyjal',	'Hyjal',	6,	'Misery',	1,	'Précision',	1,	3,	'ability_hunter_focusedaim',	'bg-hunter-marksman',	110,	'Kitten Cannon',	'hyjal/121/118785145-avatar.jpg'),
(35,	10,	'Invoque la puissance de la Lumière pour protéger et soigner.',	'Minigami',	18480,	'HEALING',	'Hyjal',	'Hyjal',	3,	'Misery',	0,	'Sacré',	1,	2,	'spell_holy_holybolt',	'bg-paladin-holy',	110,	'Kitten Cannon',	'hyjal/92/119077212-avatar.jpg'),
(36,	2,	'Une sombre gardienne qui manipule et corrompt lénergie vitale pour se renforcer lors des assauts ennemis.',	'Chainlock',	26030,	'TANK',	'Hyjal',	'Hyjal',	0,	'Misery',	0,	'Sang',	0,	6,	'spell_deathknight_bloodpresence',	'bg-deathknight-blood',	110,	'Kitten Cannon',	'hyjal/217/119495897-avatar.jpg'),
(37,	6,	'Une maîtresse endurcie dans lart du combat avec des armes à deux mains, qui associe mobilité et frappes surpuissantes pour mettre ses adversaires au tapis.',	'Chosenlock',	26030,	'DPS',	'Hyjal',	'Hyjal',	3,	'Misery',	0,	'Armes',	0,	1,	'ability_warrior_savageblow',	'bg-warrior-arms',	110,	'Kitten Cannon',	'hyjal/174/119526062-avatar.jpg'),
(38,	8,	'Utilise la magie de la Nature pour lancer des sorts de soins sur la durée visant à maintenir ses alliés en vie.',	'Sarøna',	4165,	'HEALING',	'Hyjal',	'Hyjal',	5,	'Misery',	3,	'Restauration',	1,	11,	'spell_nature_healingtouch',	'bg-druid-restoration',	110,	'Kitten Cannon',	'hyjal/239/119540463-avatar.jpg'),
(39,	8,	'Une maîtresse de la magie de lOmbre qui se spécialise dans les drains et les sorts de dégâts sur la durée.',	'Dendimøn',	15635,	'DPS',	'Hyjal',	'Hyjal',	6,	'Misery',	0,	'Affliction',	1,	9,	'spell_shadow_deathcoil',	'bg-warlock-affliction',	110,	'Kitten Cannon',	'hyjal/187/119804347-avatar.jpg'),
(40,	8,	'Une soigneuse qui fait appel aux esprits ancestraux et au pouvoir de purification de leau pour soigner les blessures de ses alliés.',	'Hinnâ',	18500,	'HEALING',	'Hyjal',	'Hyjal',	2,	'Misery',	2,	'Restauration',	1,	7,	'spell_nature_magicimmunity',	'bg-shaman-restoration',	110,	'Kitten Cannon',	'hyjal/85/119889749-avatar.jpg'),
(41,	2,	'Un pratiquant des arts martiaux hors pair qui roue de coups ses ennemis à laide de ses mains et de ses poings.',	'Farcryx',	27685,	'DPS',	'Hyjal',	'Hyjal',	4,	'Misery',	2,	'Marche-vent',	1,	10,	'spell_monk_windwalker_spec',	'bg-monk-battledancer',	110,	'Kitten Cannon',	'hyjal/94/119912798-avatar.jpg'),
(42,	8,	'Un maître-archer ou tireur délite, qui excelle dans lexécution de cibles éloignées.',	'Elfyqness',	15460,	'DPS',	'Hyjal',	'Hyjal',	2,	'Misery',	1,	'Précision',	1,	3,	'ability_hunter_focusedaim',	'bg-hunter-marksman',	110,	'Kitten Cannon',	'hyjal/150/119949974-avatar.jpg'),
(43,	10,	'Utilise la magie de lOmbre, particulièrement des sorts de dégâts sur la durée, pour éliminer ses ennemis.',	'Ellìne',	15260,	'DPS',	'Hyjal',	'Hyjal',	5,	'Misery',	2,	'Ombre',	1,	5,	'spell_shadow_shadowwordpain',	'bg-priest-shadow',	110,	'Kitten Cannon',	'hyjal/183/120020407-avatar.jpg'),
(44,	10,	'Un maître de la faune, capable de dompter une grande variété de bêtes qui lassisteront au combat.',	'Ballooù',	13550,	'DPS',	'Hyjal',	'Hyjal',	5,	'Misery',	0,	'Maîtrise des bêtes',	1,	3,	'ability_hunter_bestialdiscipline',	'bg-hunter-beastmaster',	110,	'Kitten Cannon',	'hyjal/82/120167506-avatar.jpg'),
(45,	10,	'Un pratiquant des arts martiaux hors pair qui roue de coups ses ennemis à laide de ses mains et de ses poings.',	'Jok',	17740,	'DPS',	'Hyjal',	'Hyjal',	5,	'Misery',	2,	'Marche-vent',	1,	10,	'spell_monk_windwalker_spec',	'bg-monk-battledancer',	110,	'Kitten Cannon',	'hyjal/231/121582055-avatar.jpg'),
(46,	10,	'Utilise la magie du Sacré pour se protéger et défendre ses alliés.',	'Proudmoon',	26030,	'TANK',	'Hyjal',	'Hyjal',	1,	'Misery',	1,	'Protection',	0,	2,	'ability_paladin_shieldofthetemplar',	'bg-paladin-protection',	110,	'Kitten Cannon',	'hyjal/16/122218768-avatar.jpg'),
(47,	10,	'Un furieux berserker maniant une arme dans chaque main, qui utilise une multitude dattaques pour tailler ses adversaires en pièces.',	'Dhára',	14070,	'DPS',	'Hyjal',	'Hyjal',	5,	'Misery',	1,	'Fureur',	1,	1,	'ability_warrior_innerrage',	'bg-warrior-fury',	110,	'Kitten Cannon',	'hyjal/157/122243997-avatar.jpg'),
(48,	8,	'Prend la forme dun grand félin pour infliger des dégâts de saignement et des morsures.',	'Reactorsz',	16165,	'DPS',	'Hyjal',	'Hyjal',	5,	'Misery',	1,	'Farouche',	0,	11,	'ability_druid_catform',	'bg-druid-cat',	110,	'Kitten Cannon',	'hyjal/63/122741311-avatar.jpg'),
(49,	10,	'Un pratiquant des arts martiaux hors pair qui roue de coups ses ennemis à laide de ses mains et de ses poings.',	'Skadz',	15280,	'DPS',	'Hyjal',	'Hyjal',	5,	'Misery',	2,	'Marche-vent',	1,	10,	'spell_monk_windwalker_spec',	'bg-monk-battledancer',	110,	'Kitten Cannon',	'hyjal/82/123092306-avatar.jpg'),
(50,	10,	'Un maître-archer ou tireur délite, qui excelle dans lexécution de cibles éloignées.',	'Skadx',	15280,	'DPS',	'Hyjal',	'Hyjal',	5,	'Misery',	1,	'Précision',	1,	3,	'ability_hunter_focusedaim',	'bg-hunter-marksman',	110,	'Kitten Cannon',	'hyjal/244/123469300-avatar.jpg'),
(51,	2,	'Une soigneuse qui fait appel aux esprits ancestraux et au pouvoir de purification de leau pour soigner les blessures de ses alliés.',	'Jokerino',	17730,	'HEALING',	'Hyjal',	'Hyjal',	5,	'Misery',	2,	'Restauration',	0,	7,	'spell_nature_magicimmunity',	'bg-shaman-restoration',	110,	'Kitten Cannon',	'hyjal/37/124143909-avatar.jpg'),
(52,	10,	'Une impitoyable maîtresse des poisons qui achève ses ennemis par de vicieux coups de dague.',	'Imortalïssia',	20720,	'DPS',	'Hyjal',	'Hyjal',	5,	'Misery',	0,	'Assassinat',	1,	4,	'ability_rogue_deadlybrew',	'bg-rogue-assassination',	110,	'Kitten Cannon',	'hyjal/91/124436571-avatar.jpg'),
(53,	10,	'Invoque la puissance de la Lumière pour protéger et soigner.',	'Yükine',	955,	'HEALING',	'Hyjal',	'Hyjal',	6,	'Misery',	0,	'Sacré',	1,	2,	'spell_holy_holybolt',	'bg-paladin-holy',	110,	'Kitten Cannon',	'hyjal/228/124671716-avatar.jpg'),
(54,	8,	'Utilise la magie de la Nature pour lancer des sorts de soins sur la durée visant à maintenir ses alliés en vie.',	'Jokr',	17740,	'HEALING',	'Hyjal',	'Hyjal',	5,	'Misery',	3,	'Restauration',	1,	11,	'spell_nature_healingtouch',	'bg-druid-restoration',	110,	'Kitten Cannon',	'hyjal/185/127474617-avatar.jpg'),
(55,	27,	'Une soigneuse polyvalente qui peut panser les blessures dindividus ou de groupes entiers, même après sa mort.',	'Joké',	17740,	'HEALING',	'Hyjal',	'Hyjal',	4,	'Misery',	1,	'Sacré',	1,	5,	'spell_holy_guardianspirit',	'bg-priest-holy',	110,	'Kitten Cannon',	'hyjal/201/129443529-avatar.jpg'),
(56,	10,	'Une soigneuse polyvalente qui peut panser les blessures dindividus ou de groupes entiers, même après sa mort.',	'Kermia',	12300,	'HEALING',	'Hyjal',	'Hyjal',	5,	'Misery',	1,	'Sacré',	1,	5,	'spell_holy_guardianspirit',	'bg-priest-holy',	110,	'Kitten Cannon',	'hyjal/51/129560115-avatar.jpg'),
(57,	8,	'Utilise la magie de la Nature pour lancer des sorts de soins sur la durée visant à maintenir ses alliés en vie.',	'Etjetouille',	20645,	'HEALING',	'Hyjal',	'Hyjal',	5,	'Misery',	3,	'Restauration',	1,	11,	'spell_nature_healingtouch',	'bg-druid-restoration',	110,	'Kitten Cannon',	'hyjal/36/132380452-avatar.jpg'),
(58,	8,	'Une maîtresse de la magie de lOmbre qui se spécialise dans les drains et les sorts de dégâts sur la durée.',	'Mortemus',	26310,	'DPS',	'Hyjal',	'Hyjal',	6,	'Misery',	0,	'Affliction',	0,	9,	'spell_shadow_deathcoil',	'bg-warlock-affliction',	110,	'Kitten Cannon',	'hyjal/0/133115392-avatar.jpg'),
(59,	9,	'Utilise la magie de lOmbre, particulièrement des sorts de dégâts sur la durée, pour éliminer ses ennemis.',	'Piankh',	26310,	'DPS',	'Hyjal',	'Hyjal',	6,	'Misery',	2,	'Ombre',	0,	5,	'spell_shadow_shadowwordpain',	'bg-priest-shadow',	110,	'Kitten Cannon',	'hyjal/83/135294803-avatar.jpg'),
(60,	2,	'Un guerrier totémique qui frappe ses ennemis avec des armes imprégnées de puissance élémentaire.',	'Proudbeast',	26030,	'DPS',	'Hyjal',	'Hyjal',	3,	'Misery',	1,	'Amélioration',	0,	7,	'spell_shaman_improvedstormstrike',	'bg-shaman-enhancement',	110,	'Kitten Cannon',	'hyjal/52/135733812-avatar.jpg'),
(61,	10,	'Enflamme ses ennemis à laide de boules de feu et du souffle des dragons.',	'Emalä',	20480,	'DPS',	'Hyjal',	'Hyjal',	5,	'Misery',	1,	'Feu',	1,	8,	'spell_fire_firebolt02',	'bg-mage-fire',	110,	'Kitten Cannon',	'hyjal/211/135890387-avatar.jpg'),
(62,	10,	'Une sombre gardienne qui manipule et corrompt lénergie vitale pour se renforcer lors des assauts ennemis.',	'Zaely',	4015,	'TANK',	'Hyjal',	'Hyjal',	6,	'Misery',	0,	'Sang',	1,	6,	'spell_deathknight_bloodpresence',	'bg-deathknight-blood',	110,	'Kitten Cannon',	'hyjal/235/137870315-avatar.jpg'),
(63,	10,	'Un funeste messager de glace, qui canalise sa puissance runique et frappe rapidement avec son arme.',	'Imortacouiss',	20740,	'DPS',	'Hyjal',	'Hyjal',	5,	'Misery',	1,	'Givre',	1,	6,	'spell_deathknight_frostpresence',	'bg-deathknight-frost',	110,	'Kitten Cannon',	'hyjal/232/138077160-avatar.jpg'),
(64,	10,	'Un protecteur fidèle, qui utilise un bouclier pour sa propre sauvegarde et celle de ses alliés.',	'Feintzer',	18095,	'TANK',	'Hyjal',	'Hyjal',	5,	'Misery',	2,	'Protection',	1,	1,	'ability_warrior_defensivestance',	'bg-warrior-protection',	110,	'Kitten Cannon',	'hyjal/96/139167840-avatar.jpg'),
(65,	10,	'Enflamme ses ennemis à laide de boules de feu et du souffle des dragons.',	'Imothéphabon',	20740,	'DPS',	'Hyjal',	'Hyjal',	5,	'Misery',	1,	'Feu',	1,	8,	'spell_fire_firebolt02',	'bg-mage-fire',	110,	'Kitten Cannon',	'hyjal/83/139176019-avatar.jpg'),
(66,	10,	'Une soigneuse polyvalente qui peut panser les blessures dindividus ou de groupes entiers, même après sa mort.',	'Farcrÿ',	27685,	'HEALING',	'Hyjal',	'Hyjal',	5,	'Misery',	1,	'Sacré',	1,	5,	'spell_holy_guardianspirit',	'bg-priest-holy',	110,	'Kitten Cannon',	'hyjal/254/140963070-avatar.jpg'),
(67,	6,	'Prend la forme dun ours puissant pour absorber les dégâts et protéger ses alliés.',	'Farcryxl',	27685,	'TANK',	'Hyjal',	'Hyjal',	4,	'Misery',	2,	'Gardien',	0,	11,	'ability_racial_bearform',	'bg-druid-bear',	110,	'Kitten Cannon',	'hyjal/110/140973422-avatar.jpg'),
(68,	8,	'Un guerrier totémique qui frappe ses ennemis avec des armes imprégnées de puissance élémentaire.',	'Softandwett',	16530,	'DPS',	'Hyjal',	'Hyjal',	5,	'Misery',	1,	'Amélioration',	1,	7,	'spell_shaman_improvedstormstrike',	'bg-shaman-enhancement',	110,	'Kitten Cannon',	'hyjal/39/141143591-avatar.jpg'),
(69,	8,	'Prend la forme dun grand félin pour infliger des dégâts de saignement et des morsures.',	'Glemdiahx',	20105,	'DPS',	'Hyjal',	'Hyjal',	5,	'Misery',	1,	'Farouche',	1,	11,	'ability_druid_catform',	'bg-druid-cat',	110,	'Kitten Cannon',	'hyjal/236/142062828-avatar.jpg'),
(70,	10,	'Un virtuose des glaives de guerre maîtrisant la puissance destructrice de la magie gangrenée.',	'Reactørs',	16165,	'DPS',	'Hyjal',	'Hyjal',	5,	'Misery',	0,	'Dévastation',	1,	12,	'ability_demonhunter_specdps',	'bg-rogue-subtlety',	110,	'Kitten Cannon',	'hyjal/66/142098498-avatar.jpg'),
(71,	10,	'Un virtuose des glaives de guerre maîtrisant la puissance destructrice de la magie gangrenée.',	'Chainlockh',	26030,	'DPS',	'Hyjal',	'Hyjal',	1,	'Misery',	0,	'Dévastation',	0,	12,	'ability_demonhunter_specdps',	'bg-rogue-subtlety',	110,	'Kitten Cannon',	'hyjal/214/142118870-avatar.jpg'),
(72,	10,	'Une fugitive impitoyable utilisant agilité et ruse pour affronter ses ennemis.',	'Hinnà',	17790,	'DPS',	'Hyjal',	'Hyjal',	5,	'Misery',	1,	'Hors-la-loi',	1,	4,	'inv_sword_30',	'bg-rogue-combat',	110,	'Kitten Cannon',	'hyjal/63/142426943-avatar.jpg'),
(73,	10,	'Un virtuose des glaives de guerre maîtrisant la puissance destructrice de la magie gangrenée.',	'Illinakadan',	20135,	'DPS',	'Hyjal',	'Hyjal',	5,	'Misery',	0,	'Dévastation',	1,	12,	'ability_demonhunter_specdps',	'bg-rogue-subtlety',	110,	'Kitten Cannon',	'hyjal/229/142460389-avatar.jpg'),
(74,	8,	'Gèle les ennemis, les immobilise et les détruit grâce à la magie du Givre.',	'Fanti',	5975,	'DPS',	'Hyjal',	'Hyjal',	4,	'Misery',	2,	'Givre',	0,	8,	'spell_frost_frostbolt02',	'bg-mage-frost',	110,	'Kitten Cannon',	'hyjal/189/142749373-avatar.jpg'),
(75,	10,	'Un virtuose des glaives de guerre maîtrisant la puissance destructrice de la magie gangrenée.',	'Miäou',	17810,	'DPS',	'Hyjal',	'Hyjal',	3,	'Misery',	0,	'Dévastation',	1,	12,	'ability_demonhunter_specdps',	'bg-rogue-subtlety',	110,	'Kitten Cannon',	'hyjal/254/142917630-avatar.jpg'),
(76,	10,	'Un virtuose des glaives de guerre maîtrisant la puissance destructrice de la magie gangrenée.',	'Glemdiahz',	20105,	'DPS',	'Hyjal',	'Hyjal',	4,	'Misery',	0,	'Dévastation',	1,	12,	'ability_demonhunter_specdps',	'bg-rogue-subtlety',	110,	'Kitten Cannon',	'hyjal/237/143034861-avatar.jpg'),
(77,	8,	'Un furieux berserker maniant une arme dans chaque main, qui utilise une multitude dattaques pour tailler ses adversaires en pièces.',	'Glemdiàh',	20105,	'DPS',	'Hyjal',	'Hyjal',	4,	'Misery',	1,	'Fureur',	1,	1,	'ability_warrior_innerrage',	'bg-warrior-fury',	110,	'Kitten Cannon',	'hyjal/77/143535693-avatar.jpg'),
(78,	10,	'Utilise la magie de lOmbre, particulièrement des sorts de dégâts sur la durée, pour éliminer ses ennemis.',	'Emala',	20480,	'DPS',	'Hyjal',	'Hyjal',	4,	'Misery',	2,	'Ombre',	1,	5,	'spell_shadow_shadowwordpain',	'bg-priest-shadow',	110,	'Kitten Cannon',	'hyjal/196/143815876-avatar.jpg'),
(79,	10,	'Utilise la magie de lOmbre, particulièrement des sorts de dégâts sur la durée, pour éliminer ses ennemis.',	'Klintxboyz',	13255,	'DPS',	'Hyjal',	'Hyjal',	5,	'Misery',	2,	'Ombre',	0,	5,	'spell_shadow_shadowwordpain',	'bg-priest-shadow',	110,	'Kitten Cannon',	'hyjal/78/143830606-avatar.jpg'),
(80,	10,	'Embrasse son démon intérieur pour incinérer ses ennemis et protéger ses alliés.',	'Farcryxxl',	27685,	'TANK',	'Hyjal',	'Hyjal',	5,	'Misery',	1,	'Vengeance',	0,	12,	'ability_demonhunter_spectank',	'bg-warlock-demonology',	110,	'Kitten Cannon',	'hyjal/166/143855782-avatar.jpg'),
(81,	10,	'Une impitoyable maîtresse des poisons qui achève ses ennemis par de vicieux coups de dague.',	'Markoshh',	14025,	'DPS',	'Hyjal',	'Hyjal',	4,	'Misery',	0,	'Assassinat',	1,	4,	'ability_rogue_deadlybrew',	'bg-rogue-assassination',	110,	'Kitten Cannon',	'hyjal/62/144240190-avatar.jpg'),
(82,	10,	'Invoque la puissance de la Lumière pour protéger et soigner.',	'Kitlol',	14455,	'HEALING',	'Hyjal',	'Hyjal',	6,	'Misery',	0,	'Sacré',	1,	2,	'spell_holy_holybolt',	'bg-paladin-holy',	110,	'Kitten Cannon',	'hyjal/5/144240389-avatar.jpg'),
(83,	8,	'Peut prendre la forme dun puissant sélénien qui recherche léquilibre entre la puissance des Arcanes et la magie de la Nature pour détruire ses ennemis à distance.',	'Klintxweed',	13315,	'DPS',	'Hyjal',	'Hyjal',	4,	'Misery',	0,	'Équilibre',	0,	11,	'spell_nature_starfall',	'bg-druid-balance',	110,	'Kitten Cannon',	'hyjal/89/144539481-avatar.jpg'),
(84,	10,	'Invoque la puissance de la Lumière pour protéger et soigner.',	'Dendicrack',	15615,	'HEALING',	'Hyjal',	'Hyjal',	6,	'Misery',	0,	'Sacré',	1,	2,	'spell_holy_holybolt',	'bg-paladin-holy',	110,	'Kitten Cannon',	'hyjal/73/144624457-avatar.jpg'),
(85,	2,	'Un guerrier totémique qui frappe ses ennemis avec des armes imprégnées de puissance élémentaire.',	'Kitlôl',	14455,	'DPS',	'Hyjal',	'Hyjal',	6,	'Misery',	1,	'Amélioration',	1,	7,	'spell_shaman_improvedstormstrike',	'bg-shaman-enhancement',	110,	'Kitten Cannon',	'hyjal/61/144687421-avatar.jpg'),
(86,	2,	'Une lanceuse de sorts qui contrôle les forces destructrices de la Nature et des éléments.',	'Saladfresh',	13255,	'DPS',	'Hyjal',	'Hyjal',	5,	'Misery',	0,	'Élémentaire',	0,	7,	'spell_nature_lightning',	'bg-shaman-elemental',	110,	'Kitten Cannon',	'hyjal/220/146630876-avatar.jpg'),
(87,	10,	'Un virtuose des glaives de guerre maîtrisant la puissance destructrice de la magie gangrenée.',	'Feintz',	18365,	'DPS',	'Hyjal',	'Hyjal',	4,	'Misery',	0,	'Dévastation',	1,	12,	'ability_demonhunter_specdps',	'bg-rogue-subtlety',	110,	'Kitten Cannon',	'hyjal/110/146676078-avatar.jpg'),
(88,	6,	'Peut prendre la forme dun puissant sélénien qui recherche léquilibre entre la puissance des Arcanes et la magie de la Nature pour détruire ses ennemis à distance.',	'Whîteheal',	14900,	'DPS',	'Hyjal',	'Hyjal',	2,	'Misery',	0,	'Équilibre',	0,	11,	'spell_nature_starfall',	'bg-druid-balance',	110,	'Kitten Cannon',	'hyjal/146/147110034-avatar.jpg'),
(89,	10,	'Une sombre gardienne qui manipule et corrompt lénergie vitale pour se renforcer lors des assauts ennemis.',	'Feint',	18365,	'TANK',	'Hyjal',	'Hyjal',	5,	'Misery',	0,	'Sang',	1,	6,	'spell_deathknight_bloodpresence',	'bg-deathknight-blood',	110,	'Kitten Cannon',	'hyjal/82/147318610-avatar.jpg'),
(90,	10,	'Invoque la puissance de la Lumière pour protéger et soigner.',	'Liljok',	17740,	'HEALING',	'Hyjal',	'Hyjal',	5,	'Misery',	0,	'Sacré',	1,	2,	'spell_holy_holybolt',	'bg-paladin-holy',	110,	'Kitten Cannon',	'hyjal/28/147358748-avatar.jpg'),
(91,	10,	'Utilise la magie de lOmbre, particulièrement des sorts de dégâts sur la durée, pour éliminer ses ennemis.',	'Fanty',	5975,	'DPS',	'Hyjal',	'Hyjal',	5,	'Misery',	2,	'Ombre',	1,	5,	'spell_shadow_shadowwordpain',	'bg-priest-shadow',	110,	'Kitten Cannon',	'hyjal/4/147481092-avatar.jpg'),
(92,	8,	'Enflamme ses ennemis à laide de boules de feu et du souffle des dragons.',	'Glemdiah',	20105,	'DPS',	'Hyjal',	'Hyjal',	5,	'Misery',	1,	'Feu',	1,	8,	'spell_fire_firebolt02',	'bg-mage-fire',	110,	'Kitten Cannon',	'hyjal/104/147851624-avatar.jpg'),
(93,	6,	'Peut prendre la forme dun puissant sélénien qui recherche léquilibre entre la puissance des Arcanes et la magie de la Nature pour détruire ses ennemis à distance.',	'Årkøzørûsrëx',	16815,	'DPS',	'Hyjal',	'Hyjal',	6,	'Misery',	0,	'Équilibre',	0,	11,	'spell_nature_starfall',	'bg-druid-balance',	110,	'Kitten Cannon',	'hyjal/172/148006316-avatar.jpg'),
(94,	10,	'Un maître-archer ou tireur délite, qui excelle dans lexécution de cibles éloignées.',	'Reactorshunt',	16155,	'DPS',	'Hyjal',	'Hyjal',	5,	'Misery',	1,	'Précision',	1,	3,	'ability_hunter_focusedaim',	'bg-hunter-marksman',	110,	'Kitten Cannon',	'hyjal/18/148061458-avatar.jpg'),
(95,	2,	'Un guerrier totémique qui frappe ses ennemis avec des armes imprégnées de puissance élémentaire.',	'Rekobarnes',	20270,	'DPS',	'Hyjal',	'Hyjal',	5,	'Misery',	1,	'Amélioration',	1,	7,	'spell_shaman_improvedstormstrike',	'bg-shaman-enhancement',	110,	'Kitten Cannon',	'hyjal/146/148166290-avatar.jpg'),
(96,	10,	'Un virtuose des glaives de guerre maîtrisant la puissance destructrice de la magie gangrenée.',	'Avislayer',	20270,	'DPS',	'Hyjal',	'Hyjal',	5,	'Misery',	0,	'Dévastation',	1,	12,	'ability_demonhunter_specdps',	'bg-rogue-subtlety',	110,	'Kitten Cannon',	'hyjal/100/148287332-avatar.jpg'),
(97,	10,	'Croisé vertueux qui juge et punit ses adversaires à laide de ses armes et de la magie du Sacré.',	'Rekocomeback',	20270,	'DPS',	'Hyjal',	'Hyjal',	5,	'Misery',	2,	'Vindicte',	1,	2,	'spell_holy_auraoflight',	'bg-paladin-retribution',	110,	'Kitten Cannon',	'hyjal/142/148519310-avatar.jpg'),
(98,	10,	'Utilise la magie du Sacré pour se protéger et défendre ses alliés.',	'Glemdiiah',	19825,	'TANK',	'Hyjal',	'Hyjal',	5,	'Misery',	1,	'Protection',	1,	2,	'ability_paladin_shieldofthetemplar',	'bg-paladin-protection',	60,	'Kitten Cannon',	'hyjal/65/148944705-avatar.jpg'),
(99,	2,	'Gèle les ennemis, les immobilise et les détruit grâce à la magie du Givre.',	'Gropanar',	6995,	'DPS',	'Hyjal',	'Hyjal',	5,	'Misery',	2,	'Givre',	0,	8,	'spell_frost_frostbolt02',	'bg-mage-frost',	110,	'Kitten Cannon',	'hyjal/248/149186808-avatar.jpg'),
(100,	2,	'Une lanceuse de sorts qui contrôle les forces destructrices de la Nature et des éléments.',	'Yeboy',	14310,	'DPS',	'Hyjal',	'Hyjal',	5,	'Misery',	0,	'Élémentaire',	0,	7,	'spell_nature_lightning',	'bg-shaman-elemental',	110,	'Kitten Cannon',	'hyjal/23/149234199-avatar.jpg'),
(101,	10,	'Un virtuose des glaives de guerre maîtrisant la puissance destructrice de la magie gangrenée.',	'Openfast',	13955,	'DPS',	'Hyjal',	'Hyjal',	5,	'Misery',	0,	'Dévastation',	1,	12,	'ability_demonhunter_specdps',	'bg-rogue-subtlety',	110,	'Kitten Cannon',	'hyjal/118/149262966-avatar.jpg'),
(102,	2,	'Un maître de la mort et de la décomposition qui répand les maladies et soumet des serviteurs morts-vivants à sa volonté.',	'Zarafiu',	14880,	'DPS',	'Hyjal',	'Hyjal',	5,	'Misery',	2,	'Impie',	1,	6,	'spell_deathknight_unholypresence',	'bg-deathknight-unholy',	110,	'Kitten Cannon',	'hyjal/103/149286503-avatar.jpg'),
(103,	10,	'Utilise la magie pour empêcher que ses alliés subissent des dégâts, ou pour les soigner.',	'Dhariä',	13785,	'HEALING',	'Hyjal',	'Hyjal',	5,	'Misery',	0,	'Discipline',	1,	5,	'spell_holy_powerwordshield',	'bg-priest-discipline',	110,	'Kitten Cannon',	'hyjal/107/149767787-avatar.jpg'),
(104,	2,	'Une maîtresse de la magie de lOmbre qui se spécialise dans les drains et les sorts de dégâts sur la durée.',	'Rko',	20270,	'DPS',	'Hyjal',	'Hyjal',	5,	'Misery',	0,	'Affliction',	0,	9,	'spell_shadow_deathcoil',	'bg-warlock-affliction',	110,	'Kitten Cannon',	'hyjal/185/150828473-avatar.jpg'),
(105,	10,	'Gèle les ennemis, les immobilise et les détruit grâce à la magie du Givre.',	'Lenloly',	12865,	'DPS',	'Hyjal',	'Hyjal',	6,	'Misery',	2,	'Givre',	1,	8,	'spell_frost_frostbolt02',	'bg-mage-frost',	110,	'Kitten Cannon',	'hyjal/157/151120285-avatar.jpg'),
(106,	6,	'Prend la forme dun grand félin pour infliger des dégâts de saignement et des morsures.',	'Rekofotm',	20270,	'DPS',	'Hyjal',	'Hyjal',	5,	'Misery',	1,	'Farouche',	0,	11,	'ability_druid_catform',	'bg-druid-cat',	110,	'Kitten Cannon',	'hyjal/82/151187282-avatar.jpg'),
(107,	28,	'Une lanceuse de sorts qui contrôle les forces destructrices de la Nature et des éléments.',	'Bàllou',	13780,	'DPS',	'Hyjal',	'Hyjal',	4,	'Misery',	0,	'Élémentaire',	0,	7,	'spell_nature_lightning',	'bg-shaman-elemental',	110,	'Kitten Cannon',	'hyjal/236/151679724-avatar.jpg'),
(108,	10,	'Un virtuose des glaives de guerre maîtrisant la puissance destructrice de la magie gangrenée.',	'Quiarore',	12300,	'DPS',	'Hyjal',	'Hyjal',	5,	'Misery',	0,	'Dévastation',	1,	12,	'ability_demonhunter_specdps',	'bg-rogue-subtlety',	110,	'Kitten Cannon',	'hyjal/240/151780080-avatar.jpg'),
(109,	10,	'Un sombre traqueur qui surgit de lombre pour tendre une embuscade à sa proie sans méfiance.',	'Thicc',	14090,	'DPS',	'Hyjal',	'Hyjal',	5,	'Misery',	2,	'Finesse',	1,	4,	'ability_stealth',	'bg-rogue-subtlety',	110,	'Kitten Cannon',	'hyjal/120/152311416-avatar.jpg'),
(110,	10,	'Croisé vertueux qui juge et punit ses adversaires à laide de ses armes et de la magie du Sacré.',	'Imørtalissia',	20740,	'DPS',	'Hyjal',	'Hyjal',	4,	'Misery',	2,	'Vindicte',	1,	2,	'spell_holy_auraoflight',	'bg-paladin-retribution',	110,	'Kitten Cannon',	'hyjal/85/152322645-avatar.jpg'),
(111,	8,	'Utilise la magie de la Nature pour lancer des sorts de soins sur la durée visant à maintenir ses alliés en vie.',	'Dharya',	14020,	'HEALING',	'Hyjal',	'Hyjal',	5,	'Misery',	3,	'Restauration',	0,	11,	'spell_nature_healingtouch',	'bg-druid-restoration',	110,	'Kitten Cannon',	'hyjal/65/152453441-avatar.jpg'),
(112,	10,	'Croisé vertueux qui juge et punit ses adversaires à laide de ses armes et de la magie du Sacré.',	'Billyboblul',	13315,	'DPS',	'Hyjal',	'Hyjal',	4,	'Misery',	2,	'Vindicte',	1,	2,	'spell_holy_auraoflight',	'bg-paladin-retribution',	110,	'Kitten Cannon',	'hyjal/196/152757956-avatar.jpg'),
(113,	5,	'Utilise la magie pour empêcher que ses alliés subissent des dégâts, ou pour les soigner.',	'Coinflip',	14310,	'HEALING',	'Hyjal',	'Hyjal',	4,	'Misery',	0,	'Discipline',	0,	5,	'spell_holy_powerwordshield',	'bg-priest-discipline',	110,	'Kitten Cannon',	'hyjal/252/152913148-avatar.jpg'),
(114,	10,	'Utilise la magie de lOmbre, particulièrement des sorts de dégâts sur la durée, pour éliminer ses ennemis.',	'Ballouu',	13780,	'DPS',	'Hyjal',	'Hyjal',	5,	'Misery',	2,	'Ombre',	1,	5,	'spell_shadow_shadowwordpain',	'bg-priest-shadow',	110,	'Kitten Cannon',	'hyjal/86/152950614-avatar.jpg'),
(115,	10,	'Utilise la magie de lOmbre, particulièrement des sorts de dégâts sur la durée, pour éliminer ses ennemis.',	'Ímortalissia',	21380,	'DPS',	'Hyjal',	'Hyjal',	5,	'Misery',	2,	'Ombre',	1,	5,	'spell_shadow_shadowwordpain',	'bg-priest-shadow',	110,	'Kitten Cannon',	'hyjal/175/153008815-avatar.jpg'),
(116,	10,	'Un sombre traqueur qui surgit de lombre pour tendre une embuscade à sa proie sans méfiance.',	'Bàlloou',	13595,	'DPS',	'Hyjal',	'Hyjal',	5,	'Misery',	2,	'Finesse',	1,	4,	'ability_stealth',	'bg-rogue-subtlety',	110,	'Kitten Cannon',	'hyjal/60/153427772-avatar.jpg'),
(117,	10,	'Un maître de la mort et de la décomposition qui répand les maladies et soumet des serviteurs morts-vivants à sa volonté.',	'Dharadk',	14015,	'DPS',	'Hyjal',	'Hyjal',	5,	'Misery',	2,	'Impie',	1,	6,	'spell_deathknight_unholypresence',	'bg-deathknight-unholy',	110,	'Kitten Cannon',	'hyjal/48/153681968-avatar.jpg'),
(118,	10,	'Un maître de la faune, capable de dompter une grande variété de bêtes qui lassisteront au combat.',	'Cruelulz',	26460,	'DPS',	'Hyjal',	'Hyjal',	5,	'Misery',	0,	'Maîtrise des bêtes',	1,	3,	'ability_hunter_bestialdiscipline',	'bg-hunter-beastmaster',	110,	'Kitten Cannon',	'hyjal/30/153879582-avatar.jpg'),
(119,	10,	'Un sombre traqueur qui surgit de lombre pour tendre une embuscade à sa proie sans méfiance.',	'Glemdiaxh',	19850,	'DPS',	'Hyjal',	'Hyjal',	5,	'Misery',	2,	'Finesse',	1,	4,	'ability_stealth',	'bg-rogue-subtlety',	110,	'Kitten Cannon',	'hyjal/86/154056534-avatar.jpg'),
(120,	8,	'Prend la forme dun grand félin pour infliger des dégâts de saignement et des morsures.',	'Emmawátson',	18125,	'DPS',	'Hyjal',	'Hyjal',	5,	'Misery',	1,	'Farouche',	1,	11,	'ability_druid_catform',	'bg-druid-cat',	110,	'Kitten Cannon',	'hyjal/221/154162653-avatar.jpg'),
(121,	10,	'Embrasse son démon intérieur pour incinérer ses ennemis et protéger ses alliés.',	'Lenlø',	1025,	'TANK',	'Hyjal',	'Hyjal',	6,	'Misery',	1,	'Vengeance',	1,	12,	'ability_demonhunter_spectank',	'bg-warlock-demonology',	110,	'Kitten Cannon',	'hyjal/64/154315328-avatar.jpg'),
(122,	8,	'Peut prendre la forme dun puissant sélénien qui recherche léquilibre entre la puissance des Arcanes et la magie de la Nature pour détruire ses ennemis à distance.',	'Sàturnin',	13955,	'DPS',	'Hyjal',	'Hyjal',	4,	'Misery',	0,	'Équilibre',	0,	11,	'spell_nature_starfall',	'bg-druid-balance',	110,	'Kitten Cannon',	'hyjal/46/154342958-avatar.jpg'),
(123,	10,	'Une maîtresse de la magie de lOmbre qui se spécialise dans les drains et les sorts de dégâts sur la durée.',	'Crueløck',	26800,	'DPS',	'Hyjal',	'Hyjal',	5,	'Misery',	0,	'Affliction',	1,	9,	'spell_shadow_deathcoil',	'bg-warlock-affliction',	110,	'Kitten Cannon',	'hyjal/149/154601109-avatar.jpg'),
(124,	2,	'Un maître de la faune, capable de dompter une grande variété de bêtes qui lassisteront au combat.',	'Marleyy',	12165,	'DPS',	'Hyjal',	'Hyjal',	6,	'Misery',	0,	'Maîtrise des bêtes',	0,	3,	'ability_hunter_bestialdiscipline',	'bg-hunter-beastmaster',	110,	'Kitten Cannon',	'hyjal/14/155096334-avatar.jpg'),
(125,	8,	'Enflamme ses ennemis à laide de boules de feu et du souffle des dragons.',	'Hephisto',	26310,	'DPS',	'Hyjal',	'Hyjal',	6,	'Misery',	1,	'Feu',	0,	8,	'spell_fire_firebolt02',	'bg-mage-fire',	110,	'Kitten Cannon',	'hyjal/172/155715500-avatar.jpg'),
(126,	10,	'Utilise la magie du Sacré pour se protéger et défendre ses alliés.',	'Dolmazerr',	4050,	'TANK',	'Hyjal',	'Hyjal',	6,	'Misery',	1,	'Protection',	1,	2,	'ability_paladin_shieldofthetemplar',	'bg-paladin-protection',	110,	'Kitten Cannon',	'hyjal/11/155726091-avatar.jpg'),
(127,	2,	'Un maître de la faune, capable de dompter une grande variété de bêtes qui lassisteront au combat.',	'Rekö',	20270,	'DPS',	'Hyjal',	'Hyjal',	5,	'Misery',	0,	'Maîtrise des bêtes',	1,	3,	'ability_hunter_bestialdiscipline',	'bg-hunter-beastmaster',	110,	'Kitten Cannon',	'hyjal/36/155739684-avatar.jpg'),
(128,	5,	'Un sombre traqueur qui surgit de lombre pour tendre une embuscade à sa proie sans méfiance.',	'Klintxwood',	13495,	'DPS',	'Hyjal',	'Hyjal',	5,	'Misery',	2,	'Finesse',	0,	4,	'ability_stealth',	'bg-rogue-subtlety',	71,	'Kitten Cannon',	'hyjal/57/155739705-avatar.jpg'),
(129,	10,	'Un sombre traqueur qui surgit de lombre pour tendre une embuscade à sa proie sans méfiance.',	'Skadm',	15280,	'DPS',	'Hyjal',	'Hyjal',	4,	'Misery',	2,	'Finesse',	1,	4,	'ability_stealth',	'bg-rogue-subtlety',	110,	'Kitten Cannon',	'hyjal/212/155794644-avatar.jpg'),
(130,	2,	'Une maîtresse endurcie dans lart du combat avec des armes à deux mains, qui associe mobilité et frappes surpuissantes pour mettre ses adversaires au tapis.',	'Yikes',	14090,	'DPS',	'Hyjal',	'Hyjal',	5,	'Misery',	0,	'Armes',	0,	1,	'ability_warrior_savageblow',	'bg-warrior-arms',	110,	'Kitten Cannon',	'hyjal/243/156345587-avatar.jpg'),
(131,	10,	'Embrasse son démon intérieur pour incinérer ses ennemis et protéger ses alliés.',	'Bàlloùu',	13820,	'TANK',	'Hyjal',	'Hyjal',	5,	'Misery',	1,	'Vengeance',	1,	12,	'ability_demonhunter_spectank',	'bg-warlock-demonology',	110,	'Kitten Cannon',	'hyjal/11/156563979-avatar.jpg'),
(132,	2,	'Un sombre traqueur qui surgit de lombre pour tendre une embuscade à sa proie sans méfiance.',	'Årkz',	17180,	'DPS',	'Hyjal',	'Hyjal',	6,	'Misery',	2,	'Finesse',	0,	4,	'ability_stealth',	'bg-rogue-subtlety',	110,	'Kitten Cannon',	'hyjal/148/156812436-avatar.jpg'),
(133,	6,	'Prend la forme dun ours puissant pour absorber les dégâts et protéger ses alliés.',	'Galøxplz',	12575,	'TANK',	'Hyjal',	'Hyjal',	4,	'Misery',	2,	'Gardien',	0,	11,	'ability_racial_bearform',	'bg-druid-bear',	110,	'Kitten Cannon',	'hyjal/18/157998098-avatar.jpg'),
(134,	10,	'Une maîtresse endurcie dans lart du combat avec des armes à deux mains, qui associe mobilité et frappes surpuissantes pour mettre ses adversaires au tapis.',	'Kaøtic',	14830,	'DPS',	'Hyjal',	'Hyjal',	6,	'Misery',	0,	'Armes',	1,	1,	'ability_warrior_savageblow',	'bg-warrior-arms',	110,	'Kitten Cannon',	'hyjal/136/158047624-avatar.jpg'),
(135,	10,	'Une maîtresse de la magie de lOmbre qui se spécialise dans les drains et les sorts de dégâts sur la durée.',	'Ballouù',	13595,	'DPS',	'Hyjal',	'Hyjal',	5,	'Misery',	0,	'Affliction',	1,	9,	'spell_shadow_deathcoil',	'bg-warlock-affliction',	110,	'Kitten Cannon',	'hyjal/137/158169737-avatar.jpg'),
(136,	10,	'Un maître-archer ou tireur délite, qui excelle dans lexécution de cibles éloignées.',	'Thissy',	20480,	'DPS',	'Hyjal',	'Hyjal',	5,	'Misery',	1,	'Précision',	1,	3,	'ability_hunter_focusedaim',	'bg-hunter-marksman',	110,	'Kitten Cannon',	'hyjal/74/158212682-avatar.jpg'),
(137,	10,	'Un pratiquant des arts martiaux hors pair qui roue de coups ses ennemis à laide de ses mains et de ses poings.',	'Feintzhi',	18365,	'DPS',	'Hyjal',	'Hyjal',	5,	'Misery',	2,	'Marche-vent',	1,	10,	'spell_monk_windwalker_spec',	'bg-monk-battledancer',	110,	'Kitten Cannon',	'hyjal/217/158453209-avatar.jpg'),
(138,	10,	'Une maîtresse endurcie dans lart du combat avec des armes à deux mains, qui associe mobilité et frappes surpuissantes pour mettre ses adversaires au tapis.',	'Ballôuu',	13770,	'DPS',	'Hyjal',	'Hyjal',	5,	'Misery',	0,	'Armes',	1,	1,	'ability_warrior_savageblow',	'bg-warrior-arms',	110,	'Kitten Cannon',	'hyjal/171/158533547-avatar.jpg'),
(139,	10,	'Un maître-archer ou tireur délite, qui excelle dans lexécution de cibles éloignées.',	'Glemdiahh',	20105,	'DPS',	'Hyjal',	'Hyjal',	5,	'Misery',	1,	'Précision',	1,	3,	'ability_hunter_focusedaim',	'bg-hunter-marksman',	110,	'Kitten Cannon',	'hyjal/198/158757830-avatar.jpg'),
(140,	10,	'Enflamme ses ennemis à laide de boules de feu et du souffle des dragons.',	'Eirelucne',	13955,	'DPS',	'Hyjal',	'Hyjal',	5,	'Misery',	1,	'Feu',	1,	8,	'spell_fire_firebolt02',	'bg-mage-fire',	110,	'Kitten Cannon',	'hyjal/249/158814457-avatar.jpg'),
(141,	10,	'Un pratiquant des arts martiaux hors pair qui roue de coups ses ennemis à laide de ses mains et de ses poings.',	'Getagrip',	6995,	'DPS',	'Hyjal',	'Hyjal',	5,	'Misery',	2,	'Marche-vent',	1,	10,	'spell_monk_windwalker_spec',	'bg-monk-battledancer',	25,	'Kitten Cannon',	'hyjal/52/158822708-avatar.jpg'),
(142,	10,	'Un maître de la faune, capable de dompter une grande variété de bêtes qui lassisteront au combat.',	'Lifeless',	14405,	'DPS',	'Hyjal',	'Hyjal',	5,	'Misery',	0,	'Maîtrise des bêtes',	1,	3,	'ability_hunter_bestialdiscipline',	'bg-hunter-beastmaster',	25,	'Kitten Cannon',	'hyjal/66/158822722-avatar.jpg'),
(143,	10,	'Une sombre gardienne qui manipule et corrompt lénergie vitale pour se renforcer lors des assauts ennemis.',	'Balloûu',	13750,	'TANK',	'Hyjal',	'Hyjal',	5,	'Misery',	0,	'Sang',	1,	6,	'spell_deathknight_bloodpresence',	'bg-deathknight-blood',	103,	'Kitten Cannon',	'hyjal/34/158864674-avatar.jpg'),
(144,	27,	'Une maîtresse de la magie de lOmbre qui se spécialise dans les drains et les sorts de dégâts sur la durée.',	'Ellìnn',	15260,	'DPS',	'Hyjal',	'Hyjal',	5,	'Misery',	0,	'Affliction',	1,	9,	'spell_shadow_deathcoil',	'bg-warlock-affliction',	110,	'Kitten Cannon',	'hyjal/109/158990189-avatar.jpg'),
(145,	10,	'Un pratiquant des arts martiaux hors pair qui roue de coups ses ennemis à laide de ses mains et de ses poings.',	'Cruellaw',	26265,	'DPS',	'Hyjal',	'Hyjal',	5,	'Misery',	2,	'Marche-vent',	1,	10,	'spell_monk_windwalker_spec',	'bg-monk-battledancer',	33,	'Kitten Cannon',	'hyjal/41/159044649-avatar.jpg'),
(146,	8,	'Une lanceuse de sorts qui contrôle les forces destructrices de la Nature et des éléments.',	'Ellintensive',	15260,	'DPS',	'Hyjal',	'Hyjal',	5,	'Misery',	0,	'Élémentaire',	0,	7,	'spell_nature_lightning',	'bg-shaman-elemental',	110,	'Kitten Cannon',	'hyjal/230/159067366-avatar.jpg'),
(147,	26,	'Un guerrier totémique qui frappe ses ennemis avec des armes imprégnées de puissance élémentaire.',	'Woopie',	20480,	'DPS',	'Hyjal',	'Hyjal',	5,	'Misery',	1,	'Amélioration',	1,	7,	'spell_shaman_improvedstormstrike',	'bg-shaman-enhancement',	110,	'Kitten Cannon',	'hyjal/114/159099250-avatar.jpg'),
(148,	27,	'Gèle les ennemis, les immobilise et les détruit grâce à la magie du Givre.',	'Bonsang',	18145,	'DPS',	'Hyjal',	'Hyjal',	5,	'Misery',	2,	'Givre',	1,	8,	'spell_frost_frostbolt02',	'bg-mage-frost',	20,	'Kitten Cannon',	'hyjal/218/159556314-avatar.jpg'),
(149,	27,	'Une maîtresse de la magie de lOmbre qui se spécialise dans les drains et les sorts de dégâts sur la durée.',	'Glemdiahw',	20105,	'DPS',	'Hyjal',	'Hyjal',	5,	'Misery',	0,	'Affliction',	1,	9,	'spell_shadow_deathcoil',	'bg-warlock-affliction',	110,	'Kitten Cannon',	'hyjal/31/159575071-avatar.jpg'),
(150,	28,	'Un maître de la faune, capable de dompter une grande variété de bêtes qui lassisteront au combat.',	'Peaurouge',	13315,	'DPS',	'Hyjal',	'Hyjal',	5,	'Misery',	0,	'Maîtrise des bêtes',	0,	3,	'ability_hunter_bestialdiscipline',	'bg-hunter-beastmaster',	110,	'Kitten Cannon',	'hyjal/218/159575258-avatar.jpg'),
(151,	27,	'Gèle les ennemis, les immobilise et les détruit grâce à la magie du Givre.',	'Skadv',	0,	'DPS',	'Hyjal',	'Hyjal',	5,	'Misery',	2,	'Givre',	1,	1,	'spell_frost_frostbolt02',	'bg-mage-frost',	22,	'Kitten Cannon',	'hyjal/232/159688936-avatar.jpg'),
(152,	27,	'Une soigneuse qui fait appel aux esprits ancestraux et au pouvoir de purification de leau pour soigner les blessures de ses alliés.',	'Proudspell',	26030,	'HEALING',	'Hyjal',	'Hyjal',	3,	'Misery',	2,	'Restauration',	1,	8,	'spell_nature_magicimmunity',	'bg-shaman-restoration',	110,	'Kitten Cannon',	'hyjal/116/159910260-avatar.jpg'),
(153,	2,	'Une soigneuse qui fait appel aux esprits ancestraux et au pouvoir de purification de leau pour soigner les blessures de ses alliés.',	'Xenonornor',	12300,	'HEALING',	'Hyjal',	'Hyjal',	5,	'Misery',	2,	'Restauration',	0,	7,	'spell_nature_magicimmunity',	'bg-shaman-restoration',	110,	'Kitten Cannon',	'hyjal/243/159935987-avatar.jpg'),
(154,	8,	'Invoque la puissance de la Lumière pour protéger et soigner.',	'Xenophik',	7320,	'HEALING',	'Hyjal',	'Hyjal',	5,	'Misery',	0,	'Sacré',	0,	7,	'spell_holy_holybolt',	'bg-paladin-holy',	110,	'Kitten Cannon',	'hyjal/129/160357249-avatar.jpg'),
(155,	10,	'Une maîtresse endurcie dans lart du combat avec des armes à deux mains, qui associe mobilité et frappes surpuissantes pour mettre ses adversaires au tapis.',	'Alyera',	3535,	'DPS',	'Hyjal',	'Hyjal',	4,	'Misery',	0,	'Armes',	1,	2,	'ability_warrior_savageblow',	'bg-warrior-arms',	110,	'Kitten Cannon',	'hyjal/252/160357628-avatar.jpg'),
(156,	10,	'Une maîtresse de la magie de lOmbre qui se spécialise dans les drains et les sorts de dégâts sur la durée.',	'Tko',	20270,	'DPS',	'Hyjal',	'Hyjal',	5,	'Misery',	0,	'Affliction',	1,	1,	'spell_shadow_deathcoil',	'bg-warlock-affliction',	110,	'Kitten Cannon',	'hyjal/15/160446735-avatar.jpg'),
(157,	27,	'Un pratiquant des arts martiaux hors pair qui roue de coups ses ennemis à laide de ses mains et de ses poings.',	'Magoxplz',	0,	'DPS',	'Hyjal',	'Hyjal',	5,	'Misery',	2,	'Marche-vent',	0,	8,	'spell_monk_windwalker_spec',	'bg-monk-battledancer',	23,	'Kitten Cannon',	'hyjal/203/160652747-avatar.jpg'),
(158,	27,	'Une maîtresse de la magie de lOmbre qui se spécialise dans les drains et les sorts de dégâts sur la durée.',	'Whitewill',	18320,	'DPS',	'Hyjal',	'Hyjal',	5,	'Misery',	0,	'Affliction',	1,	9,	'spell_shadow_deathcoil',	'bg-warlock-affliction',	110,	'Kitten Cannon',	'hyjal/100/161703012-avatar.jpg'),
(159,	10,	'Un pratiquant des arts martiaux hors pair qui roue de coups ses ennemis à laide de ses mains et de ses poings.',	'Bâllouu',	13780,	'DPS',	'Hyjal',	'Hyjal',	5,	'Misery',	2,	'Marche-vent',	1,	10,	'spell_monk_windwalker_spec',	'bg-monk-battledancer',	110,	'Kitten Cannon',	'hyjal/45/161760045-avatar.jpg'),
(160,	10,	NULL,	'Kàøticx',	14830,	NULL,	'Hyjal',	'Hyjal',	6,	'Misery',	NULL,	NULL,	1,	9,	NULL,	NULL,	110,	'Kitten Cannon',	'hyjal/86/162254934-avatar.jpg'),
(161,	2,	NULL,	'Rekomonk',	20270,	NULL,	'Hyjal',	'Hyjal',	5,	'Misery',	NULL,	NULL,	1,	10,	NULL,	NULL,	110,	'Kitten Cannon',	'hyjal/99/163327075-avatar.jpg'),
(162,	6,	'Utilise la magie de lOmbre, particulièrement des sorts de dégâts sur la durée, pour éliminer ses ennemis.',	'Cowashigeri',	15585,	'DPS',	'Hyjal',	'Hyjal',	8,	'Misery',	2,	'Ombre',	1,	5,	'spell_shadow_shadowwordpain',	'bg-priest-shadow',	110,	'Unleashed',	'hyjal/215/114369239-avatar.jpg'),
(163,	10,	'Utilise la magie du Sacré pour se protéger et défendre ses alliés.',	'Fingopal',	15645,	'TANK',	'Hyjal',	'Hyjal',	1,	'Misery',	1,	'Protection',	1,	2,	'ability_paladin_shieldofthetemplar',	'bg-paladin-protection',	110,	'Unleashed',	'hyjal/209/114636497-avatar.jpg'),
(164,	2,	'Un sombre gardien qui manipule et corrompt lénergie vitale pour se renforcer lors des assauts ennemis.',	'Fingodk',	15645,	'TANK',	'Hyjal',	'Hyjal',	1,	'Misery',	0,	'Sang',	0,	6,	'spell_deathknight_bloodpresence',	'bg-deathknight-blood',	110,	'Unleashed',	'hyjal/34/114636578-avatar.jpg'),
(165,	10,	'Un impitoyable maître des poisons qui achève ses ennemis par de vicieux coups de dague.',	'Évidead',	16550,	'DPS',	'Hyjal',	'Hyjal',	8,	'Misery',	0,	'Assassinat',	1,	4,	'ability_rogue_deadlybrew',	'bg-rogue-assassination',	110,	'Unleashed',	'hyjal/176/114650288-avatar.jpg'),
(166,	6,	'Prend la forme dun grand félin pour infliger des dégâts de saignement et des morsures.',	'Evìdead',	16550,	'DPS',	'Hyjal',	'Hyjal',	8,	'Misery',	1,	'Farouche',	1,	11,	'ability_druid_catform',	'bg-druid-cat',	110,	'Unleashed',	'hyjal/57/114652473-avatar.jpg'),
(167,	10,	'Croisée vertueuse qui juge et punit ses adversaires à laide de ses armes et de la magie du Sacré.',	'Crÿsta',	15045,	'DPS',	'Hyjal',	'Hyjal',	8,	'Misery',	2,	'Vindicte',	1,	2,	'spell_holy_auraoflight',	'bg-paladin-retribution',	100,	'Unleashed',	'hyjal/174/114667694-avatar.jpg'),
(168,	5,	'Un maître de la faune, capable de dompter une grande variété de bêtes qui lassisteront au combat.',	'Cthyyla',	23145,	'DPS',	'Hyjal',	'Hyjal',	8,	'Misery',	0,	'Maîtrise des bêtes',	1,	3,	'ability_hunter_bestialdiscipline',	'bg-hunter-beastmaster',	110,	'Unleashed',	'hyjal/105/114714473-avatar.jpg'),
(169,	2,	'Une maîtresse endurcie dans lart du combat avec des armes à deux mains, qui associe mobilité et frappes surpuissantes pour mettre ses adversaires au tapis.',	'Cthuululu',	21020,	'DPS',	'Hyjal',	'Hyjal',	8,	'Misery',	0,	'Armes',	0,	1,	'ability_warrior_savageblow',	'bg-warrior-arms',	100,	'Unleashed',	'hyjal/128/114726528-avatar.jpg'),
(170,	5,	'Utilise la magie de lOmbre, particulièrement des sorts de dégâts sur la durée, pour éliminer ses ennemis.',	'Cthuulululu',	22105,	'DPS',	'Hyjal',	'Hyjal',	8,	'Misery',	2,	'Ombre',	0,	5,	'spell_shadow_shadowwordpain',	'bg-priest-shadow',	110,	'Unleashed',	'hyjal/83/114726995-avatar.jpg'),
(171,	6,	'Prend la forme dun ours puissant pour absorber les dégâts et protéger ses alliés.',	'Fingodruid',	15645,	'TANK',	'Hyjal',	'Hyjal',	0,	'Misery',	2,	'Gardien',	1,	11,	'ability_racial_bearform',	'bg-druid-bear',	110,	'Unleashed',	'hyjal/49/114730289-avatar.jpg'),
(172,	10,	'Une funeste messagère de glace, qui canalise sa puissance runique et frappe rapidement avec son arme.',	'Dkdoom',	22650,	'DPS',	'Hyjal',	'Hyjal',	9,	'Misery',	1,	'Givre',	0,	6,	'spell_deathknight_frostpresence',	'bg-deathknight-frost',	110,	'Unleashed',	'hyjal/223/114892255-avatar.jpg'),
(173,	8,	'Une guerrière totémique qui frappe ses ennemis avec des armes imprégnées de puissance élémentaire.',	'Nairoditus',	10270,	'DPS',	'Hyjal',	'Hyjal',	8,	'Misery',	1,	'Amélioration',	0,	7,	'spell_shaman_improvedstormstrike',	'bg-shaman-enhancement',	100,	'Unleashed',	'hyjal/168/114996392-avatar.jpg'),
(174,	26,	'Gèle les ennemis, les immobilise et les détruit grâce à la magie du Givre.',	'Nairette',	5180,	'DPS',	'Hyjal',	'Hyjal',	6,	'Misery',	2,	'Givre',	1,	8,	'spell_frost_frostbolt02',	'bg-mage-frost',	50,	'Unleashed',	'hyjal/136/114997640-avatar.jpg'),
(175,	26,	'Un soigneur qui fait appel aux esprits ancestraux et au pouvoir de purification de leau pour soigner les blessures de ses alliés.',	'Adilol',	10405,	'HEALING',	'Hyjal',	'Hyjal',	6,	'Misery',	2,	'Restauration',	1,	7,	'spell_nature_magicimmunity',	'bg-shaman-restoration',	110,	'Unleashed',	'hyjal/17/115105809-avatar.jpg'),
(176,	10,	'Une robuste combattante qui se sert de breuvages fortifiants et de mouvements imprévisibles pour éviter les dégâts et protéger ses alliés.',	'Fingomonk',	15645,	'TANK',	'Hyjal',	'Hyjal',	1,	'Misery',	0,	'Maître brasseur',	1,	10,	'spell_monk_brewmaster_spec',	'bg-monk-brewmaster',	110,	'Unleashed',	'hyjal/153/115107481-avatar.jpg'),
(177,	26,	'Une guerrière totémique qui frappe ses ennemis avec des armes imprégnées de puissance élémentaire.',	'Toukyy',	12515,	'DPS',	'Hyjal',	'Hyjal',	8,	'Misery',	1,	'Amélioration',	0,	7,	'spell_shaman_improvedstormstrike',	'bg-shaman-enhancement',	110,	'Unleashed',	'hyjal/157/115108253-avatar.jpg'),
(178,	6,	'Une guerrière totémique qui frappe ses ennemis avec des armes imprégnées de puissance élémentaire.',	'Orcaryna',	15650,	'DPS',	'Hyjal',	'Hyjal',	8,	'Misery',	1,	'Amélioration',	1,	7,	'spell_shaman_improvedstormstrike',	'bg-shaman-enhancement',	110,	'Unleashed',	'hyjal/162/115108770-avatar.jpg'),
(179,	6,	'Un protecteur fidèle, qui utilise un bouclier pour sa propre sauvegarde et celle de ses alliés.',	'Fiingol',	15645,	'TANK',	'Hyjal',	'Hyjal',	1,	'Misery',	2,	'Protection',	0,	1,	'ability_warrior_defensivestance',	'bg-warrior-protection',	110,	'Unleashed',	'hyjal/11/115111691-avatar.jpg'),
(180,	27,	'Un maître de la magie de lOmbre qui se spécialise dans les drains et les sorts de dégâts sur la durée.',	'Cthuulu',	22440,	'DPS',	'Hyjal',	'Hyjal',	5,	'Misery',	0,	'Affliction',	1,	9,	'spell_shadow_deathcoil',	'bg-warlock-affliction',	110,	'Unleashed',	'hyjal/23/115112983-avatar.jpg'),
(181,	6,	'Invoque la puissance de la Lumière pour protéger et soigner.',	'Douzy',	14310,	'HEALING',	'Hyjal',	'Hyjal',	9,	'Misery',	0,	'Sacré',	0,	2,	'spell_holy_holybolt',	'bg-paladin-holy',	110,	'Unleashed',	'hyjal/33/115112993-avatar.jpg'),
(182,	10,	'Une maître-archère ou tireuse délite, qui excelle dans lexécution de cibles éloignées.',	'Sâkyu',	14255,	'DPS',	'Hyjal',	'Hyjal',	6,	'Misery',	1,	'Précision',	1,	3,	'ability_hunter_focusedaim',	'bg-hunter-marksman',	110,	'Unleashed',	'hyjal/200/116248008-avatar.jpg'),
(183,	5,	'Un protecteur fidèle, qui utilise un bouclier pour sa propre sauvegarde et celle de ses alliés.',	'Palomnia',	0,	'TANK',	'Hyjal',	'Hyjal',	6,	'Misery',	2,	'Protection',	1,	9,	'ability_warrior_defensivestance',	'bg-warrior-protection',	1,	'Unleashed',	'hyjal/50/116442162-avatar.jpg'),
(184,	6,	'Une pratiquante des arts martiaux hors pair qui roue de coups ses ennemis à laide de ses mains et de ses poings.',	'Fingolbis',	16255,	'DPS',	'Hyjal',	'Hyjal',	1,	'Misery',	2,	'Marche-vent',	0,	1,	'spell_monk_windwalker_spec',	'bg-monk-battledancer',	100,	'Unleashed',	'hyjal/56/116557368-avatar.jpg'),
(185,	26,	'Une traqueuse résistante qui utilise tout un attirail de venins danimaux, dexplosifs et de pièges comme armes mortelles.',	'Kaishy',	13550,	'DPS',	'Hyjal',	'Hyjal',	8,	'Misery',	2,	'Survie',	1,	10,	'ability_hunter_camouflage',	'bg-hunter-survival',	90,	'Unleashed',	'hyjal/187/116795323-avatar.jpg'),
(186,	10,	'Croisée vertueuse qui juge et punit ses adversaires à laide de ses armes et de la magie du Sacré.',	'Säkyu',	13730,	'DPS',	'Hyjal',	'Hyjal',	8,	'Misery',	2,	'Vindicte',	1,	3,	'spell_holy_auraoflight',	'bg-paladin-retribution',	100,	'Unleashed',	'hyjal/154/116993434-avatar.jpg'),
(187,	10,	'Une guerrière totémique qui frappe ses ennemis avec des armes imprégnées de puissance élémentaire.',	'Papoof',	21450,	'DPS',	'Hyjal',	'Hyjal',	5,	'Misery',	1,	'Amélioration',	0,	2,	'spell_shaman_improvedstormstrike',	'bg-shaman-enhancement',	110,	'Unleashed',	'hyjal/109/117061485-avatar.jpg'),
(188,	2,	'Manipule les énergies arcaniques, jouant avec la structure même du temps et de lespace.',	'Nairobis',	9940,	'DPS',	'Hyjal',	'Hyjal',	8,	'Misery',	0,	'Arcanes',	0,	7,	'spell_holy_magicalsentry',	'bg-mage-arcane',	100,	'Unleashed',	'hyjal/82/117181010-avatar.jpg'),
(189,	8,	'Un soigneur qui fait appel aux esprits ancestraux et au pouvoir de purification de leau pour soigner les blessures de ses alliés.',	'Urvirith',	11520,	'HEALING',	'Hyjal',	'Hyjal',	8,	'Misery',	2,	'Restauration',	1,	8,	'spell_nature_magicimmunity',	'bg-shaman-restoration',	100,	'Unleashed',	'hyjal/138/117187210-avatar.jpg'),
(190,	2,	'Utilise la magie de la Nature pour lancer des sorts de soins sur la durée visant à maintenir ses alliés en vie.',	'Windfùry',	13550,	'HEALING',	'Hyjal',	'Hyjal',	8,	'Misery',	3,	'Restauration',	1,	7,	'spell_nature_healingtouch',	'bg-druid-restoration',	62,	'Unleashed',	'hyjal/36/117300772-avatar.jpg'),
(191,	8,	'Croisée vertueuse qui juge et punit ses adversaires à laide de ses armes et de la magie du Sacré.',	'Nairobiis',	10440,	'DPS',	'Hyjal',	'Hyjal',	8,	'Misery',	2,	'Vindicte',	0,	11,	'spell_holy_auraoflight',	'bg-paladin-retribution',	100,	'Unleashed',	'hyjal/30/117323038-avatar.jpg'),
(192,	10,	'Peut prendre la forme dun puissant sélénien qui recherche léquilibre entre la puissance des Arcanes et la magie de la Nature pour détruire ses ennemis à distance.',	'Kyüsha',	13730,	'DPS',	'Hyjal',	'Hyjal',	8,	'Misery',	0,	'Équilibre',	1,	2,	'spell_nature_starfall',	'bg-druid-balance',	98,	'Unleashed',	'hyjal/194/117643714-avatar.jpg'),
(193,	8,	'Utilise la magie de lOmbre, particulièrement des sorts de dégâts sur la durée, pour éliminer ses ennemis.',	'Arkaldo',	20430,	'DPS',	'Hyjal',	'Hyjal',	8,	'Misery',	2,	'Ombre',	0,	11,	'spell_shadow_shadowwordpain',	'bg-priest-shadow',	100,	'Unleashed',	'hyjal/87/117922647-avatar.jpg'),
(194,	5,	'Invoque la puissance de la Lumière pour protéger et soigner.',	'Nairoxxam',	11775,	'HEALING',	'Hyjal',	'Hyjal',	6,	'Misery',	0,	'Sacré',	1,	5,	'spell_holy_holybolt',	'bg-paladin-holy',	110,	'Unleashed',	'hyjal/206/118562766-avatar.jpg'),
(195,	6,	'Une maîtresse endurcie dans lart du combat avec des armes à deux mains, qui associe mobilité et frappes surpuissantes pour mettre ses adversaires au tapis.',	'Osafune',	17800,	'DPS',	'Hyjal',	'Hyjal',	8,	'Misery',	0,	'Armes',	0,	2,	'ability_warrior_savageblow',	'bg-warrior-arms',	110,	'Unleashed',	'hyjal/154/118576538-avatar.jpg'),
(196,	8,	'Un furieux berserker maniant une arme dans chaque main, qui utilise une multitude dattaques pour tailler ses adversaires en pièces.',	'Wrapwar',	21190,	'DPS',	'Hyjal',	'Hyjal',	8,	'Misery',	1,	'Fureur',	0,	1,	'ability_warrior_innerrage',	'bg-warrior-fury',	110,	'Unleashed',	'hyjal/164/118714276-avatar.jpg'),
(197,	6,	'Un impitoyable maître des poisons qui achève ses ennemis par de vicieux coups de dague.',	'Alanh',	12515,	'DPS',	'Hyjal',	'Hyjal',	6,	'Misery',	0,	'Assassinat',	0,	1,	'ability_rogue_deadlybrew',	'bg-rogue-assassination',	110,	'Unleashed',	'hyjal/62/118885950-avatar.jpg'),
(198,	10,	'Croisée vertueuse qui juge et punit ses adversaires à laide de ses armes et de la magie du Sacré.',	'Duuz',	14330,	'DPS',	'Hyjal',	'Hyjal',	8,	'Misery',	2,	'Vindicte',	1,	4,	'spell_holy_auraoflight',	'bg-paladin-retribution',	110,	'Unleashed',	'hyjal/197/118976709-avatar.jpg'),
(199,	6,	'Utilise la magie de lOmbre, particulièrement des sorts de dégâts sur la durée, pour éliminer ses ennemis.',	'Pappouf',	21170,	'DPS',	'Hyjal',	'Hyjal',	8,	'Misery',	2,	'Ombre',	0,	2,	'spell_shadow_shadowwordpain',	'bg-priest-shadow',	100,	'Unleashed',	'hyjal/211/118979539-avatar.jpg'),
(200,	9,	'Un maître de la faune, capable de dompter une grande variété de bêtes qui lassisteront au combat.',	'Miahha',	15650,	'DPS',	'Hyjal',	'Hyjal',	5,	'Misery',	0,	'Maîtrise des bêtes',	1,	5,	'ability_hunter_bestialdiscipline',	'bg-hunter-beastmaster',	110,	'Unleashed',	'hyjal/43/119359275-avatar.jpg'),
(201,	6,	'Un impitoyable maître des poisons qui achève ses ennemis par de vicieux coups de dague.',	'Toouky',	12160,	'DPS',	'Hyjal',	'Hyjal',	8,	'Misery',	0,	'Assassinat',	0,	3,	'ability_rogue_deadlybrew',	'bg-rogue-assassination',	103,	'Unleashed',	'hyjal/117/119376501-avatar.jpg'),
(202,	8,	'Enflamme ses ennemis à laide de boules de feu et du souffle des dragons.',	'Lynalis',	17830,	'DPS',	'Hyjal',	'Hyjal',	6,	'Misery',	1,	'Feu',	1,	4,	'spell_fire_firebolt02',	'bg-mage-fire',	110,	'Unleashed',	'hyjal/164/119491492-avatar.jpg'),
(203,	5,	'Enflamme ses ennemis à laide de boules de feu et du souffle des dragons.',	'Kaîshy',	14110,	'DPS',	'Hyjal',	'Hyjal',	8,	'Misery',	1,	'Feu',	1,	8,	'spell_fire_firebolt02',	'bg-mage-fire',	110,	'Unleashed',	'hyjal/13/119680269-avatar.jpg'),
(204,	10,	'Un maître de la faune, capable de dompter une grande variété de bêtes qui lassisteront au combat.',	'Évi',	16550,	'DPS',	'Hyjal',	'Hyjal',	6,	'Misery',	0,	'Maîtrise des bêtes',	1,	8,	'ability_hunter_bestialdiscipline',	'bg-hunter-beastmaster',	110,	'Unleashed',	'hyjal/152/119981464-avatar.jpg'),
(205,	8,	'Gèle les ennemis, les immobilise et les détruit grâce à la magie du Givre.',	'Surfeur',	21450,	'DPS',	'Hyjal',	'Hyjal',	8,	'Misery',	2,	'Givre',	0,	3,	'spell_frost_frostbolt02',	'bg-mage-frost',	110,	'Unleashed',	'hyjal/77/120316749-avatar.jpg'),
(206,	8,	'Prend la forme dun grand félin pour infliger des dégâts de saignement et des morsures.',	'Elyanah',	10965,	'DPS',	'Hyjal',	'Hyjal',	9,	'Misery',	1,	'Farouche',	1,	8,	'ability_druid_catform',	'bg-druid-cat',	110,	'Unleashed',	'hyjal/125/120502397-avatar.jpg'),
(207,	6,	'Prend la forme dun ours puissant pour absorber les dégâts et protéger ses alliés.',	'Evidead',	16550,	'TANK',	'Hyjal',	'Hyjal',	8,	'Misery',	2,	'Gardien',	0,	11,	'ability_racial_bearform',	'bg-druid-bear',	100,	'Unleashed',	'hyjal/111/120508783-avatar.jpg'),
(208,	8,	'Une maîtresse du chaos qui invoque le feu pour brûler et détruire ses ennemis.',	'Sækyu',	13710,	'DPS',	'Hyjal',	'Hyjal',	8,	'Misery',	2,	'Destruction',	1,	11,	'spell_shadow_rainoffire',	'bg-warlock-destruction',	100,	'Unleashed',	'hyjal/21/120518421-avatar.jpg'),
(209,	2,	'Une maîtresse du chaos qui invoque le feu pour brûler et détruire ses ennemis.',	'Ehlyanah',	10325,	'DPS',	'Hyjal',	'Hyjal',	8,	'Misery',	2,	'Destruction',	1,	9,	'spell_shadow_rainoffire',	'bg-warlock-destruction',	110,	'Unleashed',	'hyjal/105/120597609-avatar.jpg'),
(210,	2,	'Un protecteur fidèle, qui utilise un bouclier pour sa propre sauvegarde et celle de ses alliés.',	'Pitáte',	13265,	'TANK',	'Hyjal',	'Hyjal',	9,	'Misery',	2,	'Protection',	1,	9,	'ability_warrior_defensivestance',	'bg-warrior-protection',	110,	'Unleashed',	'hyjal/148/120649108-avatar.jpg'),
(211,	6,	'Un impitoyable maître des poisons qui achève ses ennemis par de vicieux coups de dague.',	'Meatcleaver',	11150,	'DPS',	'Hyjal',	'Hyjal',	8,	'Misery',	0,	'Assassinat',	0,	1,	'ability_rogue_deadlybrew',	'bg-rogue-assassination',	82,	'Unleashed',	'hyjal/27/121168155-avatar.jpg'),
(212,	26,	'Un soigneur qui fait appel aux esprits ancestraux et au pouvoir de purification de leau pour soigner les blessures de ses alliés.',	'Magée',	14950,	'HEALING',	'Hyjal',	'Hyjal',	6,	'Misery',	2,	'Restauration',	1,	4,	'spell_nature_magicimmunity',	'bg-shaman-restoration',	110,	'Unleashed',	'hyjal/96/121978464-avatar.jpg'),
(213,	2,	'Utilise la magie de lOmbre, particulièrement des sorts de dégâts sur la durée, pour éliminer ses ennemis.',	'Murassam',	17830,	'DPS',	'Hyjal',	'Hyjal',	8,	'Misery',	2,	'Ombre',	0,	7,	'spell_shadow_shadowwordpain',	'bg-priest-shadow',	110,	'Unleashed',	'hyjal/33/121985569-avatar.jpg'),
(214,	9,	'Enflamme ses ennemis à laide de boules de feu et du souffle des dragons.',	'Topskil',	15595,	'DPS',	'Hyjal',	'Hyjal',	8,	'Misery',	1,	'Feu',	1,	5,	'spell_fire_firebolt02',	'bg-mage-fire',	110,	'Unleashed',	'hyjal/235/122106347-avatar.jpg'),
(215,	10,	'Utilise la magie de lOmbre, particulièrement des sorts de dégâts sur la durée, pour éliminer ses ennemis.',	'Aalcoolix',	22155,	'DPS',	'Hyjal',	'Hyjal',	6,	'Misery',	2,	'Ombre',	0,	8,	'spell_shadow_shadowwordpain',	'bg-priest-shadow',	110,	'Unleashed',	'hyjal/116/123187060-avatar.jpg'),
(216,	8,	'Enflamme ses ennemis à laide de boules de feu et du souffle des dragons.',	'Soifar',	21985,	'DPS',	'Hyjal',	'Hyjal',	8,	'Misery',	1,	'Feu',	0,	5,	'spell_fire_firebolt02',	'bg-mage-fire',	110,	'Unleashed',	'hyjal/118/123289718-avatar.jpg'),
(217,	8,	'Un furieux berserker maniant une arme dans chaque main, qui utilise une multitude dattaques pour tailler ses adversaires en pièces.',	'Aalcobis',	21875,	'DPS',	'Hyjal',	'Hyjal',	8,	'Misery',	1,	'Fureur',	0,	8,	'ability_warrior_innerrage',	'bg-warrior-fury',	110,	'Unleashed',	'hyjal/35/123373091-avatar.jpg'),
(218,	2,	'Un maître de la magie de lOmbre qui se spécialise dans les drains et les sorts de dégâts sur la durée.',	'Wràp',	20585,	'DPS',	'Hyjal',	'Hyjal',	8,	'Misery',	0,	'Affliction',	1,	1,	'spell_shadow_deathcoil',	'bg-warlock-affliction',	110,	'Unleashed',	'hyjal/148/123391124-avatar.jpg'),
(219,	2,	'Une maître-archère ou tireuse délite, qui excelle dans lexécution de cibles éloignées.',	'Eldiãblø',	13785,	'DPS',	'Hyjal',	'Hyjal',	9,	'Misery',	1,	'Précision',	0,	9,	'ability_hunter_focusedaim',	'bg-hunter-marksman',	110,	'Unleashed',	'hyjal/17/123475985-avatar.jpg'),
(220,	2,	'Une guerrière totémique qui frappe ses ennemis avec des armes imprégnées de puissance élémentaire.',	'Elmãestrø',	14315,	'DPS',	'Hyjal',	'Hyjal',	8,	'Misery',	1,	'Amélioration',	0,	3,	'spell_shaman_improvedstormstrike',	'bg-shaman-enhancement',	102,	'Unleashed',	'hyjal/129/124237185-avatar.jpg'),
(221,	8,	'Un impitoyable maître des poisons qui achève ses ennemis par de vicieux coups de dague.',	'Eltìø',	13800,	'DPS',	'Hyjal',	'Hyjal',	8,	'Misery',	0,	'Assassinat',	0,	7,	'ability_rogue_deadlybrew',	'bg-rogue-assassination',	110,	'Unleashed',	'hyjal/64/124453696-avatar.jpg'),
(222,	2,	'Une maîtresse du chaos qui invoque le feu pour brûler et détruire ses ennemis.',	'Elfùgitivø',	13785,	'DPS',	'Hyjal',	'Hyjal',	8,	'Misery',	2,	'Destruction',	0,	4,	'spell_shadow_rainoffire',	'bg-warlock-destruction',	110,	'Unleashed',	'hyjal/106/124454506-avatar.jpg'),
(223,	2,	'Enflamme ses ennemis à laide de boules de feu et du souffle des dragons.',	'Hynabi',	17830,	'DPS',	'Hyjal',	'Hyjal',	8,	'Misery',	1,	'Feu',	1,	9,	'spell_fire_firebolt02',	'bg-mage-fire',	110,	'Unleashed',	'hyjal/192/124606144-avatar.jpg'),
(224,	9,	'Une maître-archère ou tireuse délite, qui excelle dans lexécution de cibles éloignées.',	'Magob',	21440,	'DPS',	'Hyjal',	'Hyjal',	8,	'Misery',	1,	'Précision',	1,	8,	'ability_hunter_focusedaim',	'bg-hunter-marksman',	110,	'Unleashed',	'hyjal/245/125872117-avatar.jpg'),
(225,	10,	'Un fugitif impitoyable utilisant agilité et ruse pour affronter ses ennemis.',	'Murasam',	15935,	'DPS',	'Hyjal',	'Hyjal',	8,	'Misery',	1,	'Hors-la-loi',	0,	3,	'inv_sword_30',	'bg-rogue-combat',	100,	'Unleashed',	'hyjal/254/126384894-avatar.jpg'),
(226,	10,	'Une pratiquante des arts martiaux hors pair qui roue de coups ses ennemis à laide de ses mains et de ses poings.',	'Spykz',	13310,	'DPS',	'Hyjal',	'Hyjal',	8,	'Misery',	2,	'Marche-vent',	1,	4,	'spell_monk_windwalker_spec',	'bg-monk-battledancer',	61,	'Unleashed',	'hyjal/196/127015108-avatar.jpg'),
(227,	2,	'Un soigneur qui fait appel aux esprits ancestraux et au pouvoir de purification de leau pour soigner les blessures de ses alliés.',	'Linalis',	17560,	'HEALING',	'Hyjal',	'Hyjal',	8,	'Misery',	2,	'Restauration',	1,	10,	'spell_nature_magicimmunity',	'bg-shaman-restoration',	110,	'Unleashed',	'hyjal/42/127457066-avatar.jpg'),
(228,	26,	'Utilise la magie de la Nature pour lancer des sorts de soins sur la durée visant à maintenir ses alliés en vie.',	'Dëcibel',	22850,	'HEALING',	'Hyjal',	'Hyjal',	3,	'Misery',	3,	'Restauration',	1,	7,	'spell_nature_healingtouch',	'bg-druid-restoration',	110,	'Unleashed',	'hyjal/190/127969726-avatar.jpg'),
(229,	8,	'Une maître-archère ou tireuse délite, qui excelle dans lexécution de cibles éloignées.',	'Shäzz',	22850,	'DPS',	'Hyjal',	'Hyjal',	3,	'Misery',	1,	'Précision',	1,	11,	'ability_hunter_focusedaim',	'bg-hunter-marksman',	110,	'Unleashed',	'hyjal/175/128027055-avatar.jpg'),
(230,	2,	'Utilise la magie du Sacré pour se protéger et défendre ses alliés.',	'Tanïaa',	22850,	'TANK',	'Hyjal',	'Hyjal',	3,	'Misery',	1,	'Protection',	1,	3,	'ability_paladin_shieldofthetemplar',	'bg-paladin-protection',	110,	'Unleashed',	'hyjal/243/128165107-avatar.jpg'),
(231,	10,	'Une maîtresse endurcie dans lart du combat avec des armes à deux mains, qui associe mobilité et frappes surpuissantes pour mettre ses adversaires au tapis.',	'Elgriingø',	14315,	'DPS',	'Hyjal',	'Hyjal',	8,	'Misery',	0,	'Armes',	0,	2,	'ability_warrior_savageblow',	'bg-warrior-arms',	100,	'Unleashed',	'hyjal/40/128210984-avatar.jpg'),
(232,	8,	'Utilise la magie pour empêcher que ses alliés subissent des dégâts, ou pour les soigner.',	'Lindys',	17830,	'HEALING',	'Hyjal',	'Hyjal',	8,	'Misery',	0,	'Discipline',	1,	1,	'spell_holy_powerwordshield',	'bg-priest-discipline',	110,	'Unleashed',	'hyjal/71/128441415-avatar.jpg'),
(233,	8,	'Une pratiquante des arts martiaux hors pair qui roue de coups ses ennemis à laide de ses mains et de ses poings.',	'Toüns',	22820,	'DPS',	'Hyjal',	'Hyjal',	3,	'Misery',	2,	'Marche-vent',	1,	5,	'spell_monk_windwalker_spec',	'bg-monk-battledancer',	110,	'Unleashed',	'hyjal/55/128443703-avatar.jpg'),
(234,	26,	'Un soigneur polyvalent qui peut panser les blessures dindividus ou de groupes entiers, même après sa mort.',	'Meïsha',	22850,	'HEALING',	'Hyjal',	'Hyjal',	8,	'Misery',	1,	'Sacré',	1,	10,	'spell_holy_guardianspirit',	'bg-priest-holy',	110,	'Unleashed',	'hyjal/57/129113913-avatar.jpg'),
(235,	10,	'Une maîtresse de la mort et de la décomposition qui répand les maladies et soumet des serviteurs morts-vivants à sa volonté.',	'Mélanie',	22260,	'DPS',	'Hyjal',	'Hyjal',	8,	'Misery',	2,	'Impie',	1,	5,	'spell_deathknight_unholypresence',	'bg-deathknight-unholy',	107,	'Unleashed',	'hyjal/48/131136560-avatar.jpg'),
(236,	10,	'Une maîtresse endurcie dans lart du combat avec des armes à deux mains, qui associe mobilité et frappes surpuissantes pour mettre ses adversaires au tapis.',	'Xalyth',	12470,	'DPS',	'Hyjal',	'Hyjal',	8,	'Misery',	0,	'Armes',	1,	6,	'ability_warrior_savageblow',	'bg-warrior-arms',	110,	'Unleashed',	'hyjal/82/131327826-avatar.jpg'),
(237,	2,	'Enflamme ses ennemis à laide de boules de feu et du souffle des dragons.',	'Crazyork',	21450,	'DPS',	'Hyjal',	'Hyjal',	8,	'Misery',	1,	'Feu',	0,	1,	'spell_fire_firebolt02',	'bg-mage-fire',	110,	'Unleashed',	'hyjal/152/132234392-avatar.jpg'),
(238,	10,	'Un sombre gardien qui manipule et corrompt lénergie vitale pour se renforcer lors des assauts ennemis.',	'Kazzaa',	13955,	'TANK',	'Hyjal',	'Hyjal',	8,	'Misery',	0,	'Sang',	1,	8,	'spell_deathknight_bloodpresence',	'bg-deathknight-blood',	110,	'Unleashed',	'hyjal/7/132677895-avatar.jpg'),
(239,	6,	'Un fugitif impitoyable utilisant agilité et ruse pour affronter ses ennemis.',	'Xalythbis',	12470,	'DPS',	'Hyjal',	'Hyjal',	8,	'Misery',	1,	'Hors-la-loi',	1,	6,	'inv_sword_30',	'bg-rogue-combat',	110,	'Unleashed',	'hyjal/187/133708475-avatar.jpg'),
(240,	26,	'Un fugitif impitoyable utilisant agilité et ruse pour affronter ses ennemis.',	'Urvirogue',	11520,	'DPS',	'Hyjal',	'Hyjal',	8,	'Misery',	1,	'Hors-la-loi',	1,	4,	'inv_sword_30',	'bg-rogue-combat',	27,	'Unleashed',	'hyjal/59/134178875-avatar.jpg'),
(241,	10,	'Croisée vertueuse qui juge et punit ses adversaires à laide de ses armes et de la magie du Sacré.',	'Kaisougouni',	22125,	'DPS',	'Hyjal',	'Hyjal',	8,	'Misery',	2,	'Vindicte',	0,	4,	'spell_holy_auraoflight',	'bg-paladin-retribution',	110,	'Unleashed',	'hyjal/134/134435718-avatar.jpg'),
(242,	10,	'Invoque la puissance de la Lumière pour protéger et soigner.',	'Rintimal',	11505,	'HEALING',	'Hyjal',	'Hyjal',	8,	'Misery',	0,	'Sacré',	1,	2,	'spell_holy_holybolt',	'bg-paladin-holy',	80,	'Unleashed',	'hyjal/134/134636166-avatar.jpg'),
(243,	10,	'Enflamme ses ennemis à laide de boules de feu et du souffle des dragons.',	'Maïwenn',	22850,	'DPS',	'Hyjal',	'Hyjal',	3,	'Misery',	1,	'Feu',	1,	2,	'spell_fire_firebolt02',	'bg-mage-fire',	110,	'Unleashed',	'hyjal/209/135671505-avatar.jpg'),
(244,	10,	'Un impitoyable maître des poisons qui achève ses ennemis par de vicieux coups de dague.',	'Lämïa',	13950,	'DPS',	'Hyjal',	'Hyjal',	6,	'Misery',	0,	'Assassinat',	1,	8,	'ability_rogue_deadlybrew',	'bg-rogue-assassination',	110,	'Unleashed',	'hyjal/179/138288819-avatar.jpg'),
(245,	10,	'Une funeste messagère de glace, qui canalise sa puissance runique et frappe rapidement avec son arme.',	'Kïnn',	10775,	'DPS',	'Hyjal',	'Hyjal',	6,	'Misery',	1,	'Givre',	1,	4,	'spell_deathknight_frostpresence',	'bg-deathknight-frost',	110,	'Unleashed',	'hyjal/143/139955855-avatar.jpg'),
(246,	10,	'Croisée vertueuse qui juge et punit ses adversaires à laide de ses armes et de la magie du Sacré.',	'Lamiä',	13950,	'DPS',	'Hyjal',	'Hyjal',	8,	'Misery',	2,	'Vindicte',	1,	6,	'spell_holy_auraoflight',	'bg-paladin-retribution',	110,	'Unleashed',	'hyjal/199/140072647-avatar.jpg'),
(247,	10,	'Une maître-archère ou tireuse délite, qui excelle dans lexécution de cibles éloignées.',	'Lämia',	13950,	'DPS',	'Hyjal',	'Hyjal',	8,	'Misery',	1,	'Précision',	1,	2,	'ability_hunter_focusedaim',	'bg-hunter-marksman',	110,	'Unleashed',	'hyjal/100/140112740-avatar.jpg'),
(248,	10,	'Utilise la magie de lOmbre, particulièrement des sorts de dégâts sur la durée, pour éliminer ses ennemis.',	'Lâmïa',	13950,	'DPS',	'Hyjal',	'Hyjal',	8,	'Misery',	2,	'Ombre',	1,	3,	'spell_shadow_shadowwordpain',	'bg-priest-shadow',	110,	'Unleashed',	'hyjal/223/140675039-avatar.jpg'),
(249,	5,	'Un virtuose des glaives de guerre maîtrisant la puissance destructrice de la magie gangrenée.',	'Hannabi',	15395,	'DPS',	'Hyjal',	'Hyjal',	8,	'Misery',	0,	'Dévastation',	1,	5,	'ability_demonhunter_specdps',	'bg-rogue-subtlety',	100,	'Unleashed',	'hyjal/74/141991498-avatar.jpg'),
(250,	10,	'Un virtuose des glaives de guerre maîtrisant la puissance destructrice de la magie gangrenée.',	'Urvi',	12500,	'DPS',	'Hyjal',	'Hyjal',	6,	'Misery',	0,	'Dévastation',	1,	12,	'ability_demonhunter_specdps',	'bg-rogue-subtlety',	110,	'Unleashed',	'hyjal/205/142112717-avatar.jpg'),
(251,	10,	'Un virtuose des glaives de guerre maîtrisant la puissance destructrice de la magie gangrenée.',	'Cthuuluh',	22105,	'DPS',	'Hyjal',	'Hyjal',	8,	'Misery',	0,	'Dévastation',	1,	12,	'ability_demonhunter_specdps',	'bg-rogue-subtlety',	100,	'Unleashed',	'hyjal/142/142127246-avatar.jpg'),
(252,	10,	'Embrasse son démon intérieur pour incinérer ses ennemis et protéger ses alliés.',	'Gayllidhan',	21450,	'TANK',	'Hyjal',	'Hyjal',	8,	'Misery',	1,	'Vengeance',	0,	12,	'ability_demonhunter_spectank',	'bg-warlock-demonology',	107,	'Unleashed',	'hyjal/138/142178954-avatar.jpg'),
(253,	10,	'Un virtuose des glaives de guerre maîtrisant la puissance destructrice de la magie gangrenée.',	'Fingodh',	15645,	'DPS',	'Hyjal',	'Hyjal',	1,	'Misery',	0,	'Dévastation',	1,	12,	'ability_demonhunter_specdps',	'bg-rogue-subtlety',	110,	'Unleashed',	'hyjal/190/142306750-avatar.jpg'),
(254,	10,	'Un lanceur de sorts qui contrôle les forces destructrices de la Nature et des éléments.',	'Évìdead',	16550,	'DPS',	'Hyjal',	'Hyjal',	8,	'Misery',	0,	'Élémentaire',	1,	12,	'spell_nature_lightning',	'bg-shaman-elemental',	110,	'Unleashed',	'hyjal/241/142332657-avatar.jpg'),
(255,	8,	'Un virtuose des glaives de guerre maîtrisant la puissance destructrice de la magie gangrenée.',	'Chaalco',	21875,	'DPS',	'Hyjal',	'Hyjal',	8,	'Misery',	0,	'Dévastation',	0,	7,	'ability_demonhunter_specdps',	'bg-rogue-subtlety',	110,	'Unleashed',	'hyjal/8/142575368-avatar.jpg'),
(256,	10,	'Embrasse son démon intérieur pour incinérer ses ennemis et protéger ses alliés.',	'Urvirit',	12470,	'TANK',	'Hyjal',	'Hyjal',	8,	'Misery',	1,	'Vengeance',	1,	12,	'ability_demonhunter_spectank',	'bg-warlock-demonology',	110,	'Unleashed',	'hyjal/112/142691952-avatar.jpg'),
(257,	10,	'Un maître de la magie de lOmbre qui se spécialise dans les drains et les sorts de dégâts sur la durée.',	'Aalcodh',	20320,	'DPS',	'Hyjal',	'Hyjal',	8,	'Misery',	0,	'Affliction',	0,	12,	'spell_shadow_deathcoil',	'bg-warlock-affliction',	100,	'Unleashed',	'hyjal/52/142717492-avatar.jpg'),
(258,	8,	'Un soigneur polyvalent qui peut panser les blessures dindividus ou de groupes entiers, même après sa mort.',	'Exødê',	13495,	'HEALING',	'Hyjal',	'Hyjal',	5,	'Misery',	1,	'Sacré',	1,	9,	'spell_holy_guardianspirit',	'bg-priest-holy',	110,	'Unleashed',	'hyjal/71/142974023-avatar.jpg'),
(259,	5,	'Un maître de la faune, capable de dompter une grande variété de bêtes qui lassisteront au combat.',	'Toouuky',	12200,	'DPS',	'Hyjal',	'Hyjal',	8,	'Misery',	0,	'Maîtrise des bêtes',	0,	5,	'ability_hunter_bestialdiscipline',	'bg-hunter-beastmaster',	110,	'Unleashed',	'hyjal/135/143308935-avatar.jpg'),
(260,	2,	'Peut prendre la forme dun puissant sélénien qui recherche léquilibre entre la puissance des Arcanes et la magie de la Nature pour détruire ses ennemis à distance.',	'Xutoror',	16905,	'DPS',	'Hyjal',	'Hyjal',	8,	'Misery',	0,	'Équilibre',	0,	3,	'spell_nature_starfall',	'bg-druid-balance',	110,	'Unleashed',	'hyjal/6/143382534-avatar.jpg'),
(261,	8,	'Un virtuose des glaives de guerre maîtrisant la puissance destructrice de la magie gangrenée.',	'Sacreface',	16455,	'DPS',	'Hyjal',	'Hyjal',	5,	'Misery',	0,	'Dévastation',	1,	11,	'ability_demonhunter_specdps',	'bg-rogue-subtlety',	110,	'Unleashed',	'hyjal/176/143383984-avatar.jpg'),
(262,	10,	'Enflamme ses ennemis à laide de boules de feu et du souffle des dragons.',	'Xahnah',	10700,	'DPS',	'Hyjal',	'Hyjal',	8,	'Misery',	1,	'Feu',	1,	12,	'spell_fire_firebolt02',	'bg-mage-fire',	110,	'Unleashed',	'hyjal/61/143476029-avatar.jpg'),
(263,	9,	'Un impitoyable maître des poisons qui achève ses ennemis par de vicieux coups de dague.',	'Scarix',	16435,	'DPS',	'Hyjal',	'Hyjal',	8,	'Misery',	0,	'Assassinat',	0,	8,	'ability_rogue_deadlybrew',	'bg-rogue-assassination',	102,	'Unleashed',	'hyjal/33/143480865-avatar.jpg'),
(264,	10,	'Un virtuose des glaives de guerre maîtrisant la puissance destructrice de la magie gangrenée.',	'Àrsène',	20595,	'DPS',	'Hyjal',	'Hyjal',	5,	'Misery',	0,	'Dévastation',	1,	4,	'ability_demonhunter_specdps',	'bg-rogue-subtlety',	110,	'Unleashed',	'hyjal/203/143607755-avatar.jpg'),
(265,	10,	'Un maître de la faune, capable de dompter une grande variété de bêtes qui lassisteront au combat.',	'Pátáte',	13355,	'DPS',	'Hyjal',	'Hyjal',	8,	'Misery',	0,	'Maîtrise des bêtes',	1,	12,	'ability_hunter_bestialdiscipline',	'bg-hunter-beastmaster',	110,	'Unleashed',	'hyjal/174/143965102-avatar.jpg'),
(266,	10,	'Une maîtresse du chaos qui invoque le feu pour brûler et détruire ses ennemis.',	'Sàkyu',	0,	'DPS',	'Hyjal',	'Hyjal',	8,	'Misery',	2,	'Destruction',	1,	1,	'spell_shadow_rainoffire',	'bg-warlock-destruction',	110,	'Unleashed',	'hyjal/71/144752711-avatar.jpg'),
(267,	2,	'Un virtuose des glaives de guerre maîtrisant la puissance destructrice de la magie gangrenée.',	'Flaflah',	8290,	'DPS',	'Hyjal',	'Hyjal',	8,	'Misery',	0,	'Dévastation',	0,	3,	'ability_demonhunter_specdps',	'bg-rogue-subtlety',	110,	'Unleashed',	'hyjal/104/144921960-avatar.jpg'),
(268,	8,	'Utilise la magie de lOmbre, particulièrement des sorts de dégâts sur la durée, pour éliminer ses ennemis.',	'Magé',	14555,	'DPS',	'Hyjal',	'Hyjal',	8,	'Misery',	2,	'Ombre',	0,	9,	'spell_shadow_shadowwordpain',	'bg-priest-shadow',	110,	'Unleashed',	'hyjal/163/145065891-avatar.jpg'),
(269,	10,	'Un virtuose des glaives de guerre maîtrisant la puissance destructrice de la magie gangrenée.',	'Adilaul',	10360,	'DPS',	'Hyjal',	'Hyjal',	8,	'Misery',	0,	'Dévastation',	1,	12,	'ability_demonhunter_specdps',	'bg-rogue-subtlety',	109,	'Unleashed',	'hyjal/226/145210338-avatar.jpg'),
(270,	10,	'Un furieux berserker maniant une arme dans chaque main, qui utilise une multitude dattaques pour tailler ses adversaires en pièces.',	'Lndn',	10775,	'DPS',	'Hyjal',	'Hyjal',	8,	'Misery',	1,	'Fureur',	1,	5,	'ability_warrior_innerrage',	'bg-warrior-fury',	110,	'Unleashed',	'hyjal/1/145231361-avatar.jpg'),
(271,	10,	'Manipule les énergies arcaniques, jouant avec la structure même du temps et de lespace.',	'Søøy',	12660,	'DPS',	'Hyjal',	'Hyjal',	6,	'Misery',	0,	'Arcanes',	1,	12,	'spell_holy_magicalsentry',	'bg-mage-arcane',	110,	'Unleashed',	'hyjal/138/145890954-avatar.jpg'),
(272,	2,	'Une guerrière totémique qui frappe ses ennemis avec des armes imprégnées de puissance élémentaire.',	'Maarak',	9590,	'DPS',	'Hyjal',	'Hyjal',	6,	'Misery',	1,	'Amélioration',	1,	1,	'spell_shaman_improvedstormstrike',	'bg-shaman-enhancement',	110,	'Unleashed',	'hyjal/2/146406658-avatar.jpg'),
(273,	8,	'Une maîtresse du chaos qui invoque le feu pour brûler et détruire ses ennemis.',	'Exödè',	13495,	'DPS',	'Hyjal',	'Hyjal',	8,	'Misery',	2,	'Destruction',	0,	8,	'spell_shadow_rainoffire',	'bg-warlock-destruction',	110,	'Unleashed',	'hyjal/118/146994550-avatar.jpg'),
(274,	2,	'Un virtuose des glaives de guerre maîtrisant la puissance destructrice de la magie gangrenée.',	'Shtromshtrik',	13310,	'DPS',	'Hyjal',	'Hyjal',	8,	'Misery',	0,	'Dévastation',	0,	7,	'ability_demonhunter_specdps',	'bg-rogue-subtlety',	110,	'Unleashed',	'hyjal/231/147385575-avatar.jpg'),
(275,	8,	'Gèle les ennemis, les immobilise et les détruit grâce à la magie du Givre.',	'Effacée',	16710,	'DPS',	'Hyjal',	'Hyjal',	8,	'Misery',	2,	'Givre',	0,	9,	'spell_frost_frostbolt02',	'bg-mage-frost',	110,	'Unleashed',	'hyjal/208/147629264-avatar.jpg'),
(276,	10,	'Un protecteur fidèle, qui utilise un bouclier pour sa propre sauvegarde et celle de ses alliés.',	'Djdrag',	6980,	'TANK',	'Hyjal',	'Hyjal',	6,	'Misery',	2,	'Protection',	1,	12,	'ability_warrior_defensivestance',	'bg-warrior-protection',	110,	'Unleashed',	'hyjal/235/149954283-avatar.jpg'),
(277,	8,	'Embrasse son démon intérieur pour incinérer ses ennemis et protéger ses alliés.',	'Powerr',	11155,	'TANK',	'Hyjal',	'Hyjal',	6,	'Misery',	1,	'Vengeance',	0,	8,	'ability_demonhunter_spectank',	'bg-warlock-demonology',	110,	'Unleashed',	'hyjal/177/149955249-avatar.jpg'),
(278,	10,	'Un maître de la faune, capable de dompter une grande variété de bêtes qui lassisteront au combat.',	'Ldn',	10775,	'DPS',	'Hyjal',	'Hyjal',	8,	'Misery',	0,	'Maîtrise des bêtes',	1,	1,	'ability_hunter_bestialdiscipline',	'bg-hunter-beastmaster',	110,	'Unleashed',	'hyjal/252/149960188-avatar.jpg'),
(279,	10,	'Une maîtresse endurcie dans lart du combat avec des armes à deux mains, qui associe mobilité et frappes surpuissantes pour mettre ses adversaires au tapis.',	'Scarìx',	16455,	'DPS',	'Hyjal',	'Hyjal',	8,	'Misery',	0,	'Armes',	0,	12,	'ability_warrior_savageblow',	'bg-warrior-arms',	110,	'Unleashed',	'hyjal/207/150225103-avatar.jpg'),
(280,	10,	'Un furieux berserker maniant une arme dans chaque main, qui utilise une multitude dattaques pour tailler ses adversaires en pièces.',	'Fingolina',	15645,	'DPS',	'Hyjal',	'Hyjal',	1,	'Misery',	1,	'Fureur',	1,	3,	'ability_warrior_innerrage',	'bg-warrior-fury',	110,	'Unleashed',	'hyjal/223/150766303-avatar.jpg'),
(281,	10,	'Utilise la magie de la Nature pour lancer des sorts de soins sur la durée visant à maintenir ses alliés en vie.',	'Lâmîa',	13950,	'HEALING',	'Hyjal',	'Hyjal',	8,	'Misery',	3,	'Restauration',	1,	1,	'spell_nature_healingtouch',	'bg-druid-restoration',	110,	'Unleashed',	'hyjal/22/150995478-avatar.jpg'),
(282,	10,	'Un maître de la magie de lOmbre qui se spécialise dans les drains et les sorts de dégâts sur la durée.',	'Eclipser',	24560,	'DPS',	'Hyjal',	'Hyjal',	8,	'Misery',	0,	'Affliction',	1,	1,	'spell_shadow_deathcoil',	'bg-warlock-affliction',	110,	'Unleashed',	'hyjal/38/151048230-avatar.jpg'),
(283,	6,	'Embrasse son démon intérieur pour incinérer ses ennemis et protéger ses alliés.',	'Zengard',	16455,	'TANK',	'Hyjal',	'Hyjal',	8,	'Misery',	1,	'Vengeance',	0,	11,	'ability_demonhunter_spectank',	'bg-warlock-demonology',	110,	'Unleashed',	'hyjal/53/151487797-avatar.jpg'),
(284,	2,	'Un impitoyable maître des poisons qui achève ses ennemis par de vicieux coups de dague.',	'Naaslol',	11760,	'DPS',	'Hyjal',	'Hyjal',	6,	'Misery',	0,	'Assassinat',	1,	9,	'ability_rogue_deadlybrew',	'bg-rogue-assassination',	110,	'Unleashed',	'hyjal/172/151917484-avatar.jpg'),
(285,	10,	'Une funeste messagère de glace, qui canalise sa puissance runique et frappe rapidement avec son arme.',	'Sïwïl',	21180,	'DPS',	'Hyjal',	'Hyjal',	8,	'Misery',	1,	'Givre',	1,	12,	'spell_deathknight_frostpresence',	'bg-deathknight-frost',	110,	'Unleashed',	'hyjal/165/151939237-avatar.jpg'),
(286,	10,	'Utilise la magie du Sacré pour se protéger et défendre ses alliés.',	'Siwïl',	21180,	'TANK',	'Hyjal',	'Hyjal',	5,	'Misery',	1,	'Protection',	1,	4,	'ability_paladin_shieldofthetemplar',	'bg-paladin-protection',	110,	'Unleashed',	'hyjal/30/151952158-avatar.jpg'),
(287,	5,	'Croisée vertueuse qui juge et punit ses adversaires à laide de ses armes et de la magie du Sacré.',	'Erëdïn',	24560,	'DPS',	'Hyjal',	'Hyjal',	8,	'Misery',	2,	'Vindicte',	0,	6,	'spell_holy_auraoflight',	'bg-paladin-retribution',	110,	'Unleashed',	'hyjal/209/152169425-avatar.jpg'),
(288,	6,	'Un soigneur qui fait appel aux esprits ancestraux et au pouvoir de purification de leau pour soigner les blessures de ses alliés.',	'Aesea',	16455,	'HEALING',	'Hyjal',	'Hyjal',	8,	'Misery',	2,	'Restauration',	0,	2,	'spell_nature_magicimmunity',	'bg-shaman-restoration',	110,	'Unleashed',	'hyjal/152/152194456-avatar.jpg'),
(289,	10,	'Un soigneur qui fait appel aux esprits ancestraux et au pouvoir de purification de leau pour soigner les blessures de ses alliés.',	'Varalight',	18710,	'HEALING',	'Hyjal',	'Hyjal',	8,	'Misery',	2,	'Restauration',	1,	2,	'spell_nature_magicimmunity',	'bg-shaman-restoration',	110,	'Unleashed',	'hyjal/156/152490140-avatar.jpg'),
(290,	8,	'Une maîtresse de la mort et de la décomposition qui répand les maladies et soumet des serviteurs morts-vivants à sa volonté.',	'Isilth',	24560,	'DPS',	'Hyjal',	'Hyjal',	8,	'Misery',	2,	'Impie',	1,	7,	'spell_deathknight_unholypresence',	'bg-deathknight-unholy',	110,	'Unleashed',	'hyjal/175/152713903-avatar.jpg'),
(291,	2,	'Un maître de la faune, capable de dompter une grande variété de bêtes qui lassisteront au combat.',	'Venuptia',	11155,	'DPS',	'Hyjal',	'Hyjal',	8,	'Misery',	0,	'Maîtrise des bêtes',	1,	7,	'ability_hunter_bestialdiscipline',	'bg-hunter-beastmaster',	110,	'Unleashed',	'hyjal/61/152796221-avatar.jpg'),
(292,	10,	'Enflamme ses ennemis à laide de boules de feu et du souffle des dragons.',	'Èvidead',	16550,	'DPS',	'Hyjal',	'Hyjal',	8,	'Misery',	1,	'Feu',	1,	6,	'spell_fire_firebolt02',	'bg-mage-fire',	110,	'Unleashed',	'hyjal/24/153372184-avatar.jpg'),
(293,	2,	'Un virtuose des glaives de guerre maîtrisant la puissance destructrice de la magie gangrenée.',	'Liskkaï',	17580,	'DPS',	'Hyjal',	'Hyjal',	7,	'Misery',	0,	'Dévastation',	0,	3,	'ability_demonhunter_specdps',	'bg-rogue-subtlety',	110,	'Unleashed',	'hyjal/28/154346268-avatar.jpg'),
(294,	26,	'Un furieux berserker maniant une arme dans chaque main, qui utilise une multitude dattaques pour tailler ses adversaires en pièces.',	'Sunfyre',	12025,	'DPS',	'Hyjal',	'Hyjal',	6,	'Misery',	1,	'Fureur',	0,	8,	'ability_warrior_innerrage',	'bg-warrior-fury',	91,	'Unleashed',	'hyjal/224/154828512-avatar.jpg'),
(295,	10,	'Un furieux berserker maniant une arme dans chaque main, qui utilise une multitude dattaques pour tailler ses adversaires en pièces.',	'Dhawii',	3245,	'DPS',	'Hyjal',	'Hyjal',	8,	'Misery',	1,	'Fureur',	1,	12,	'ability_warrior_innerrage',	'bg-warrior-fury',	110,	'Unleashed',	'hyjal/34/156444450-avatar.jpg'),
(296,	8,	'Un soigneur qui fait appel aux esprits ancestraux et au pouvoir de purification de leau pour soigner les blessures de ses alliés.',	'Volvlwar',	18240,	'HEALING',	'Hyjal',	'Hyjal',	8,	'Misery',	2,	'Restauration',	0,	1,	'spell_nature_magicimmunity',	'bg-shaman-restoration',	110,	'Unleashed',	'hyjal/125/156930429-avatar.jpg'),
(297,	2,	'Enflamme ses ennemis à laide de boules de feu et du souffle des dragons.',	'Killrage',	6815,	'DPS',	'Hyjal',	'Hyjal',	8,	'Misery',	1,	'Feu',	0,	1,	'spell_fire_firebolt02',	'bg-mage-fire',	110,	'Unleashed',	'hyjal/107/158212715-avatar.jpg'),
(298,	2,	'Utilise la magie pour empêcher que ses alliés subissent des dégâts, ou pour les soigner.',	'Windsfury',	21450,	'HEALING',	'Hyjal',	'Hyjal',	8,	'Misery',	0,	'Discipline',	0,	7,	'spell_holy_powerwordshield',	'bg-priest-discipline',	110,	'Unleashed',	'hyjal/169/159219625-avatar.jpg'),
(299,	27,	'Une maîtresse du chaos qui invoque le feu pour brûler et détruire ses ennemis.',	'Merigöld',	24510,	'DPS',	'Hyjal',	'Hyjal',	8,	'Misery',	2,	'Destruction',	1,	8,	'spell_shadow_rainoffire',	'bg-warlock-destruction',	29,	'Unleashed',	'hyjal/252/159922684-avatar.jpg'),
(300,	27,	'Une robuste combattante qui se sert de breuvages fortifiants et de mouvements imprévisibles pour éviter les dégâts et protéger ses alliés.',	'Pervinci',	16455,	'TANK',	'Hyjal',	'Hyjal',	8,	'Misery',	0,	'Maître brasseur',	1,	5,	'spell_monk_brewmaster_spec',	'bg-monk-brewmaster',	42,	'Unleashed',	'hyjal/16/160001296-avatar.jpg'),
(301,	27,	'Un maître de la magie de lOmbre qui se spécialise dans les drains et les sorts de dégâts sur la durée.',	'Hellène',	21450,	'DPS',	'Hyjal',	'Hyjal',	8,	'Misery',	0,	'Affliction',	1,	9,	'spell_shadow_deathcoil',	'bg-warlock-affliction',	34,	'Unleashed',	'hyjal/34/160234018-avatar.jpg'),
(302,	28,	'Une pratiquante des arts martiaux hors pair qui roue de coups ses ennemis à laide de ses mains et de ses poings.',	'Monkaribou',	21450,	'DPS',	'Hyjal',	'Hyjal',	8,	'Misery',	2,	'Marche-vent',	0,	10,	'spell_monk_windwalker_spec',	'bg-monk-battledancer',	57,	'Unleashed',	'hyjal/24/160235288-avatar.jpg'),
(303,	10,	'Un furieux berserker maniant une arme dans chaque main, qui utilise une multitude dattaques pour tailler ses adversaires en pièces.',	'Candygift',	20595,	'DPS',	'Hyjal',	'Hyjal',	8,	'Misery',	1,	'Fureur',	1,	9,	'ability_warrior_innerrage',	'bg-warrior-fury',	110,	'Unleashed',	'hyjal/139/160257419-avatar.jpg'),
(304,	28,	'Un maître de la magie de lOmbre qui se spécialise dans les drains et les sorts de dégâts sur la durée.',	'Praus',	16435,	'DPS',	'Hyjal',	'Hyjal',	8,	'Misery',	0,	'Affliction',	0,	10,	'spell_shadow_deathcoil',	'bg-warlock-affliction',	34,	'Unleashed',	'hyjal/57/160374329-avatar.jpg'),
(305,	2,	'Un virtuose des glaives de guerre maîtrisant la puissance destructrice de la magie gangrenée.',	'Zengárd',	16455,	'DPS',	'Hyjal',	'Hyjal',	8,	'Misery',	0,	'Dévastation',	0,	1,	'ability_demonhunter_specdps',	'bg-rogue-subtlety',	110,	'Unleashed',	'hyjal/70/160389190-avatar.jpg'),
(306,	27,	'Gèle les ennemis, les immobilise et les détruit grâce à la magie du Givre.',	'Siwildot',	21180,	'DPS',	'Hyjal',	'Hyjal',	8,	'Misery',	2,	'Givre',	1,	9,	'spell_frost_frostbolt02',	'bg-mage-frost',	110,	'Unleashed',	'hyjal/222/160437470-avatar.jpg'),
(307,	10,	'Prend la forme dun grand félin pour infliger des dégâts de saignement et des morsures.',	'Wïllow',	22850,	'DPS',	'Hyjal',	'Hyjal',	3,	'Misery',	1,	'Farouche',	1,	12,	'ability_druid_catform',	'bg-druid-cat',	110,	'Unleashed',	'hyjal/176/163611312-avatar.jpg'),
(308,	10,	NULL,	'Nairøditus',	12540,	NULL,	'Hyjal',	'Hyjal',	6,	'Misery',	NULL,	NULL,	1,	8,	NULL,	NULL,	110,	'Unleashed',	'hyjal/188/163619516-avatar.jpg'),
(309,	8,	NULL,	'Spykö',	13490,	NULL,	'Hyjal',	'Hyjal',	9,	'Misery',	NULL,	NULL,	1,	11,	NULL,	NULL,	110,	'Unleashed',	'hyjal/101/119624805-avatar.jpg'),
(310,	1,	'Enflamme ses ennemis à laide de boules de feu et du souffle des dragons.',	'Magenmagot',	16700,	'DPS',	'Hyjal',	'Hyjal',	8,	'Misery',	1,	'Feu',	0,	8,	'spell_fire_firebolt02',	'bg-mage-fire',	110,	'Wisp',	'hyjal/14/113465614-avatar.jpg'),
(311,	29,	'Utilise la magie de lOmbre, particulièrement des sorts de dégâts sur la durée, pour éliminer ses ennemis.',	'Itaelle',	26360,	'DPS',	'Hyjal',	'Hyjal',	6,	'Misery',	2,	'Ombre',	1,	5,	'spell_shadow_shadowwordpain',	'bg-priest-shadow',	110,	'Wisp',	'hyjal/20/114226452-avatar.jpg'),
(312,	7,	'Un pratiquant des arts martiaux hors pair qui roue de coups ses ennemis à laide de ses mains et de ses poings.',	'Monkiwi',	26360,	'DPS',	'Hyjal',	'Hyjal',	9,	'Misery',	2,	'Marche-vent',	0,	10,	'spell_monk_windwalker_spec',	'bg-monk-battledancer',	110,	'Wisp',	'hyjal/28/114329884-avatar.jpg'),
(313,	1,	'Croisé vertueux qui juge et punit ses adversaires à laide de ses armes et de la magie du Sacré.',	'Bona',	12695,	'DPS',	'Hyjal',	'Hyjal',	8,	'Misery',	2,	'Vindicte',	1,	2,	'spell_holy_auraoflight',	'bg-paladin-retribution',	110,	'Wisp',	'hyjal/178/114365618-avatar.jpg'),
(314,	1,	'Un pratiquant des arts martiaux hors pair qui roue de coups ses ennemis à laide de ses mains et de ses poings.',	'Nöbel',	24235,	'DPS',	'Hyjal',	'Hyjal',	9,	'Misery',	2,	'Marche-vent',	0,	10,	'spell_monk_windwalker_spec',	'bg-monk-battledancer',	110,	'Wisp',	'hyjal/189/114670525-avatar.jpg'),
(315,	1,	'Croisé vertueux qui juge et punit ses adversaires à laide de ses armes et de la magie du Sacré.',	'Armandas',	20470,	'DPS',	'Hyjal',	'Hyjal',	6,	'Misery',	2,	'Vindicte',	1,	2,	'spell_holy_auraoflight',	'bg-paladin-retribution',	110,	'Wisp',	'hyjal/129/114947201-avatar.jpg'),
(316,	1,	'Un maître de la faune, capable de dompter une grande variété de bêtes qui lassisteront au combat.',	'Nougatiine',	21975,	'DPS',	'Hyjal',	'Hyjal',	8,	'Misery',	0,	'Maîtrise des bêtes',	1,	3,	'ability_hunter_bestialdiscipline',	'bg-hunter-beastmaster',	110,	'Wisp',	'hyjal/121/115040377-avatar.jpg'),
(317,	1,	'Croisé vertueux qui juge et punit ses adversaires à laide de ses armes et de la magie du Sacré.',	'Fabiø',	25375,	'DPS',	'Hyjal',	'Hyjal',	7,	'Misery',	2,	'Vindicte',	1,	2,	'spell_holy_auraoflight',	'bg-paladin-retribution',	110,	'Wisp',	'hyjal/135/115043719-avatar.jpg'),
(318,	4,	'Utilise la magie de la Nature pour lancer des sorts de soins sur la durée visant à maintenir ses alliés en vie.',	'Nyaku',	13620,	'HEALING',	'Hyjal',	'Hyjal',	1,	'Misery',	3,	'Restauration',	1,	11,	'spell_nature_healingtouch',	'bg-druid-restoration',	110,	'Wisp',	'hyjal/51/115103027-avatar.jpg'),
(319,	4,	'Un sombre traqueur qui surgit de lombre pour tendre une embuscade à sa proie sans méfiance.',	'Ashkerit',	8330,	'DPS',	'Hyjal',	'Hyjal',	9,	'Misery',	2,	'Finesse',	1,	4,	'ability_stealth',	'bg-rogue-subtlety',	110,	'Wisp',	'hyjal/105/115409513-avatar.jpg'),
(320,	25,	'Un pratiquant des arts martiaux hors pair qui roue de coups ses ennemis à laide de ses mains et de ses poings.',	'Nayku',	13620,	'DPS',	'Hyjal',	'Hyjal',	2,	'Misery',	2,	'Marche-vent',	1,	10,	'spell_monk_windwalker_spec',	'bg-monk-battledancer',	110,	'Wisp',	'hyjal/77/117726285-avatar.jpg'),
(321,	25,	'Une lanceuse de sorts qui contrôle les forces destructrices de la Nature et des éléments.',	'Ayunk',	13620,	'DPS',	'Hyjal',	'Hyjal',	2,	'Misery',	0,	'Élémentaire',	1,	7,	'spell_nature_lightning',	'bg-shaman-elemental',	110,	'Wisp',	'hyjal/184/121398712-avatar.jpg'),
(322,	1,	'Utilise la magie du Sacré pour se protéger et défendre ses alliés.',	'Ersha',	8330,	'TANK',	'Hyjal',	'Hyjal',	9,	'Misery',	1,	'Protection',	1,	2,	'ability_paladin_shieldofthetemplar',	'bg-paladin-protection',	110,	'Wisp',	'hyjal/239/121550063-avatar.jpg'),
(323,	1,	'Manipule les énergies arcaniques, jouant avec la structure même du temps et de lespace.',	'Tyssä',	24235,	'DPS',	'Hyjal',	'Hyjal',	5,	'Misery',	0,	'Arcanes',	1,	8,	'spell_holy_magicalsentry',	'bg-mage-arcane',	110,	'Wisp',	'hyjal/162/128049058-avatar.jpg'),
(324,	4,	'Peut prendre la forme dun puissant sélénien qui recherche léquilibre entre la puissance des Arcanes et la magie de la Nature pour détruire ses ennemis à distance.',	'Mÿth',	24235,	'DPS',	'Hyjal',	'Hyjal',	9,	'Misery',	0,	'Équilibre',	1,	11,	'spell_nature_starfall',	'bg-druid-balance',	110,	'Wisp',	'hyjal/109/129060973-avatar.jpg'),
(325,	1,	'Enflamme ses ennemis à laide de boules de feu et du souffle des dragons.',	'Magelendrah',	10675,	'DPS',	'Hyjal',	'Hyjal',	9,	'Misery',	1,	'Feu',	1,	8,	'spell_fire_firebolt02',	'bg-mage-fire',	110,	'Wisp',	'hyjal/253/130403837-avatar.jpg'),
(326,	4,	'Un funeste messager de glace, qui canalise sa puissance runique et frappe rapidement avec son arme.',	'Selia',	24720,	'DPS',	'Hyjal',	'Hyjal',	9,	'Misery',	1,	'Givre',	1,	6,	'spell_deathknight_frostpresence',	'bg-deathknight-frost',	61,	'Wisp',	'hyjal/229/130938597-avatar.jpg'),
(327,	1,	'Utilise la magie de lOmbre, particulièrement des sorts de dégâts sur la durée, pour éliminer ses ennemis.',	'Arkhas',	16630,	'DPS',	'Hyjal',	'Hyjal',	8,	'Misery',	2,	'Ombre',	1,	5,	'spell_shadow_shadowwordpain',	'bg-priest-shadow',	110,	'Wisp',	'hyjal/189/135543741-avatar.jpg'),
(328,	30,	'Utilise la magie pour empêcher que ses alliés subissent des dégâts, ou pour les soigner.',	'Syaska',	10095,	'HEALING',	'Hyjal',	'Hyjal',	7,	'Misery',	0,	'Discipline',	1,	5,	'spell_holy_powerwordshield',	'bg-priest-discipline',	110,	'Wisp',	'hyjal/216/135661784-avatar.jpg'),
(329,	11,	'Une lanceuse de sorts qui contrôle les forces destructrices de la Nature et des éléments.',	'Almélio',	16185,	'DPS',	'Hyjal',	'Hyjal',	9,	'Misery',	0,	'Élémentaire',	1,	7,	'spell_nature_lightning',	'bg-shaman-elemental',	106,	'Wisp',	'hyjal/191/136788671-avatar.jpg'),
(330,	1,	'Un fugitif impitoyable utilisant agilité et ruse pour affronter ses ennemis.',	'Almérog',	16185,	'DPS',	'Hyjal',	'Hyjal',	9,	'Misery',	1,	'Hors-la-loi',	1,	4,	'inv_sword_30',	'bg-rogue-combat',	110,	'Wisp',	'hyjal/217/137563353-avatar.jpg'),
(331,	4,	'Un soigneur qui maîtrise lart mystérieux de la manipulation des énergies vitales, avec laide de la sagesse du Serpent de jade et des techniques médicales pandarènes.',	'Thanon',	6545,	'HEALING',	'Hyjal',	'Hyjal',	5,	'Misery',	1,	'Tisse-brume',	0,	10,	'spell_monk_mistweaver_spec',	'bg-monk-mistweaver',	110,	'Wisp',	'hyjal/64/138285120-avatar.jpg'),
(332,	7,	'Une maître-archère ou tireuse délite, qui excelle dans lexécution de cibles éloignées.',	'Darckÿ',	16230,	'DPS',	'Hyjal',	'Hyjal',	8,	'Misery',	1,	'Précision',	0,	3,	'ability_hunter_focusedaim',	'bg-hunter-marksman',	110,	'Wisp',	'hyjal/132/139422852-avatar.jpg'),
(333,	1,	'Un maître de la magie de lOmbre qui se spécialise dans les drains et les sorts de dégâts sur la durée.',	'Lùckyy',	16355,	'DPS',	'Hyjal',	'Hyjal',	8,	'Misery',	0,	'Affliction',	1,	9,	'spell_shadow_deathcoil',	'bg-warlock-affliction',	110,	'Wisp',	'hyjal/77/140233805-avatar.jpg'),
(334,	29,	'Une maître-archère ou tireuse délite, qui excelle dans lexécution de cibles éloignées.',	'Koukîe',	16090,	'DPS',	'Hyjal',	'Hyjal',	8,	'Misery',	1,	'Précision',	1,	3,	'ability_hunter_focusedaim',	'bg-hunter-marksman',	110,	'Wisp',	'hyjal/201/140240585-avatar.jpg'),
(335,	1,	'Un maître de la magie de lOmbre qui se spécialise dans les drains et les sorts de dégâts sur la durée.',	'Walméria',	16185,	'DPS',	'Hyjal',	'Hyjal',	9,	'Misery',	0,	'Affliction',	1,	9,	'spell_shadow_deathcoil',	'bg-warlock-affliction',	110,	'Wisp',	'hyjal/108/140690284-avatar.jpg'),
(336,	1,	'Une maître-archère ou tireuse délite, qui excelle dans lexécution de cibles éloignées.',	'Frägg',	12190,	'DPS',	'Hyjal',	'Hyjal',	9,	'Misery',	1,	'Précision',	1,	3,	'ability_hunter_focusedaim',	'bg-hunter-marksman',	110,	'Wisp',	'hyjal/0/141107712-avatar.jpg'),
(337,	11,	'Une soigneuse qui fait appel aux esprits ancestraux et au pouvoir de purification de leau pour soigner les blessures de ses alliés.',	'Laverdure',	7545,	'HEALING',	'Hyjal',	'Hyjal',	9,	'Misery',	2,	'Restauration',	1,	7,	'spell_nature_magicimmunity',	'bg-shaman-restoration',	110,	'Wisp',	'hyjal/203/141392843-avatar.jpg'),
(338,	29,	'Enflamme ses ennemis à laide de boules de feu et du souffle des dragons.',	'Tökine',	14975,	'DPS',	'Hyjal',	'Hyjal',	8,	'Misery',	1,	'Feu',	1,	8,	'spell_fire_firebolt02',	'bg-mage-fire',	110,	'Wisp',	'hyjal/172/141876652-avatar.jpg'),
(339,	1,	'Enflamme ses ennemis à laide de boules de feu et du souffle des dragons.',	'Infine',	20450,	'DPS',	'Hyjal',	'Hyjal',	7,	'Misery',	1,	'Feu',	1,	8,	'spell_fire_firebolt02',	'bg-mage-fire',	110,	'Wisp',	'hyjal/249/141975033-avatar.jpg'),
(340,	4,	'Une virtuose des glaives de guerre maîtrisant la puissance destructrice de la magie gangrenée.',	'Nyxëtte',	14910,	'DPS',	'Hyjal',	'Hyjal',	9,	'Misery',	0,	'Dévastation',	1,	12,	'ability_demonhunter_specdps',	'bg-rogue-subtlety',	101,	'Wisp',	'hyjal/242/142335474-avatar.jpg'),
(341,	4,	'Une virtuose des glaives de guerre maîtrisant la puissance destructrice de la magie gangrenée.',	'Culottefouet',	20080,	'DPS',	'Hyjal',	'Hyjal',	9,	'Misery',	0,	'Dévastation',	1,	12,	'ability_demonhunter_specdps',	'bg-rogue-subtlety',	110,	'Wisp',	'hyjal/49/142616113-avatar.jpg'),
(342,	4,	'Peut prendre la forme dun puissant sélénien qui recherche léquilibre entre la puissance des Arcanes et la magie de la Nature pour détruire ses ennemis à distance.',	'Himiiko',	6525,	'DPS',	'Hyjal',	'Hyjal',	9,	'Misery',	0,	'Équilibre',	1,	11,	'spell_nature_starfall',	'bg-druid-balance',	110,	'Wisp',	'hyjal/55/143156023-avatar.jpg'),
(343,	1,	'Une soigneuse polyvalente qui peut panser les blessures dindividus ou de groupes entiers, même après sa mort.',	'Ouaismorray',	20120,	'HEALING',	'Hyjal',	'Hyjal',	8,	'Misery',	1,	'Sacré',	0,	5,	'spell_holy_guardianspirit',	'bg-priest-holy',	110,	'Wisp',	'hyjal/64/143269184-avatar.jpg'),
(344,	1,	'Un impitoyable maître des poisons qui achève ses ennemis par de vicieux coups de dague.',	'Nauyi',	20540,	'DPS',	'Hyjal',	'Hyjal',	6,	'Misery',	0,	'Assassinat',	0,	4,	'ability_rogue_deadlybrew',	'bg-rogue-assassination',	110,	'Wisp',	'hyjal/80/143619920-avatar.jpg'),
(345,	4,	'Prend la forme dun ours puissant pour absorber les dégâts et protéger ses alliés.',	'Løriann',	22905,	'TANK',	'Hyjal',	'Hyjal',	9,	'Misery',	2,	'Gardien',	1,	11,	'ability_racial_bearform',	'bg-druid-bear',	110,	'Wisp',	'hyjal/168/143643304-avatar.jpg'),
(346,	1,	'Un fugitif impitoyable utilisant agilité et ruse pour affronter ses ennemis.',	'Finine',	19880,	'DPS',	'Hyjal',	'Hyjal',	9,	'Misery',	1,	'Hors-la-loi',	1,	4,	'inv_sword_30',	'bg-rogue-combat',	110,	'Wisp',	'hyjal/81/145051729-avatar.jpg'),
(347,	4,	'Prend la forme dun ours puissant pour absorber les dégâts et protéger ses alliés.',	'Curunìr',	10780,	'TANK',	'Hyjal',	'Hyjal',	9,	'Misery',	2,	'Gardien',	0,	11,	'ability_racial_bearform',	'bg-druid-bear',	110,	'Wisp',	'hyjal/225/145447393-avatar.jpg'),
(348,	1,	'Utilise la magie du Sacré pour se protéger et défendre ses alliés.',	'Healfine',	20450,	'TANK',	'Hyjal',	'Hyjal',	9,	'Misery',	1,	'Protection',	1,	2,	'ability_paladin_shieldofthetemplar',	'bg-paladin-protection',	110,	'Wisp',	'hyjal/24/146328856-avatar.jpg'),
(349,	25,	'Un pratiquant des arts martiaux hors pair qui roue de coups ses ennemis à laide de ses mains et de ses poings.',	'Warfun',	4390,	'DPS',	'Hyjal',	'Hyjal',	7,	'Misery',	2,	'Marche-vent',	0,	10,	'spell_monk_windwalker_spec',	'bg-monk-battledancer',	110,	'Wisp',	'hyjal/45/146413357-avatar.jpg'),
(350,	22,	'Prend la forme dun ours puissant pour absorber les dégâts et protéger ses alliés.',	'Nanaeru',	12555,	'TANK',	'Hyjal',	'Hyjal',	6,	'Misery',	2,	'Gardien',	1,	11,	'ability_racial_bearform',	'bg-druid-bear',	110,	'Wisp',	'hyjal/165/146464933-avatar.jpg'),
(351,	1,	'Une maîtresse de la mort et de la décomposition qui répand les maladies et soumet des serviteurs morts-vivants à sa volonté.',	'Shengz',	21050,	'DPS',	'Hyjal',	'Hyjal',	6,	'Misery',	2,	'Impie',	0,	6,	'spell_deathknight_unholypresence',	'bg-deathknight-unholy',	110,	'Wisp',	'hyjal/60/146727740-avatar.jpg'),
(352,	4,	'Embrasse son démon intérieur pour incinérer ses ennemis et protéger ses alliés.',	'Safelsbadman',	19365,	'TANK',	'Hyjal',	'Hyjal',	2,	'Misery',	1,	'Vengeance',	1,	12,	'ability_demonhunter_spectank',	'bg-warlock-demonology',	110,	'Wisp',	'hyjal/182/146730934-avatar.jpg'),
(353,	1,	'Un pratiquant des arts martiaux hors pair qui roue de coups ses ennemis à laide de ses mains et de ses poings.',	'Shengs',	21050,	'DPS',	'Hyjal',	'Hyjal',	9,	'Misery',	2,	'Marche-vent',	0,	10,	'spell_monk_windwalker_spec',	'bg-monk-battledancer',	110,	'Wisp',	'hyjal/91/146762331-avatar.jpg'),
(354,	3,	'Utilise la magie de lOmbre, particulièrement des sorts de dégâts sur la durée, pour éliminer ses ennemis.',	'Sapriestî',	6895,	'DPS',	'Hyjal',	'Hyjal',	9,	'Misery',	2,	'Ombre',	0,	5,	'spell_shadow_shadowwordpain',	'bg-priest-shadow',	110,	'Wisp',	'hyjal/6/147153414-avatar.jpg'),
(355,	1,	'Un furieux berserker maniant une arme dans chaque main, qui utilise une multitude dattaques pour tailler ses adversaires en pièces.',	'Raizii',	13215,	'DPS',	'Hyjal',	'Hyjal',	5,	'Misery',	1,	'Fureur',	0,	1,	'ability_warrior_innerrage',	'bg-warrior-fury',	110,	'Wisp',	'hyjal/216/147651288-avatar.jpg'),
(356,	29,	'Enflamme ses ennemis à laide de boules de feu et du souffle des dragons.',	'Nydan',	18175,	'DPS',	'Hyjal',	'Hyjal',	5,	'Misery',	1,	'Feu',	1,	8,	'spell_fire_firebolt02',	'bg-mage-fire',	110,	'Wisp',	'hyjal/175/147657391-avatar.jpg'),
(357,	1,	'Un impitoyable maître des poisons qui achève ses ennemis par de vicieux coups de dague.',	'Morllinor',	24990,	'DPS',	'Hyjal',	'Hyjal',	6,	'Misery',	0,	'Assassinat',	1,	4,	'ability_rogue_deadlybrew',	'bg-rogue-assassination',	110,	'Wisp',	'hyjal/95/147658079-avatar.jpg'),
(358,	11,	'Enflamme ses ennemis à laide de boules de feu et du souffle des dragons.',	'Arakas',	13310,	'DPS',	'Hyjal',	'Hyjal',	9,	'Misery',	1,	'Feu',	0,	8,	'spell_fire_firebolt02',	'bg-mage-fire',	110,	'Wisp',	'hyjal/200/147666120-avatar.jpg'),
(359,	1,	'Utilise la magie de lOmbre, particulièrement des sorts de dégâts sur la durée, pour éliminer ses ennemis.',	'Lemérite',	19645,	'DPS',	'Hyjal',	'Hyjal',	0,	'Misery',	2,	'Ombre',	1,	5,	'spell_shadow_shadowwordpain',	'bg-priest-shadow',	110,	'Wisp',	'hyjal/34/147773218-avatar.jpg'),
(360,	11,	'Une traqueuse résistante qui utilise tout un attirail de venins danimaux, dexplosifs et de pièges comme armes mortelles.',	'Trumpshot',	19645,	'DPS',	'Hyjal',	'Hyjal',	2,	'Misery',	2,	'Survie',	1,	3,	'ability_hunter_camouflage',	'bg-hunter-survival',	110,	'Wisp',	'hyjal/42/147858986-avatar.jpg'),
(361,	4,	'Une virtuose des glaives de guerre maîtrisant la puissance destructrice de la magie gangrenée.',	'Vaexa',	24990,	'DPS',	'Hyjal',	'Hyjal',	9,	'Misery',	0,	'Dévastation',	1,	12,	'ability_demonhunter_specdps',	'bg-rogue-subtlety',	110,	'Wisp',	'hyjal/171/147959467-avatar.jpg'),
(362,	1,	'Un pratiquant des arts martiaux hors pair qui roue de coups ses ennemis à laide de ses mains et de ses poings.',	'Raizaa',	13215,	'DPS',	'Hyjal',	'Hyjal',	9,	'Misery',	2,	'Marche-vent',	1,	10,	'spell_monk_windwalker_spec',	'bg-monk-battledancer',	110,	'Wisp',	'hyjal/48/148033840-avatar.jpg'),
(363,	3,	'Invoque la puissance de la Lumière pour protéger et soigner.',	'Fendyrino',	7545,	'HEALING',	'Hyjal',	'Hyjal',	8,	'Misery',	0,	'Sacré',	0,	2,	'spell_holy_holybolt',	'bg-paladin-holy',	110,	'Wisp',	'hyjal/244/148111604-avatar.jpg'),
(364,	1,	'Un sombre gardien qui manipule et corrompt lénergie vitale pour se renforcer lors des assauts ennemis.',	'Dooggysback',	23515,	'TANK',	'Hyjal',	'Hyjal',	8,	'Misery',	0,	'Sang',	1,	6,	'spell_deathknight_bloodpresence',	'bg-deathknight-blood',	110,	'Wisp',	'hyjal/49/149044273-avatar.jpg'),
(365,	4,	'Embrasse son démon intérieur pour incinérer ses ennemis et protéger ses alliés.',	'Allâdan',	13310,	'TANK',	'Hyjal',	'Hyjal',	8,	'Misery',	1,	'Vengeance',	0,	12,	'ability_demonhunter_spectank',	'bg-warlock-demonology',	110,	'Wisp',	'hyjal/158/149161886-avatar.jpg'),
(366,	11,	'Une soigneuse qui fait appel aux esprits ancestraux et au pouvoir de purification de leau pour soigner les blessures de ses alliés.',	'Loumirit',	19365,	'HEALING',	'Hyjal',	'Hyjal',	9,	'Misery',	2,	'Restauration',	1,	7,	'spell_nature_magicimmunity',	'bg-shaman-restoration',	110,	'Wisp',	'hyjal/198/149307846-avatar.jpg'),
(367,	29,	'Un robuste combattant qui se sert de breuvages fortifiants et de mouvements imprévisibles pour éviter les dégâts et protéger ses alliés.',	'Klosterbra',	19645,	'TANK',	'Hyjal',	'Hyjal',	1,	'Misery',	0,	'Maître brasseur',	1,	10,	'spell_monk_brewmaster_spec',	'bg-monk-brewmaster',	110,	'Wisp',	'hyjal/41/149538601-avatar.jpg'),
(368,	1,	'Invoque la puissance de la Lumière pour protéger et soigner.',	'Irofïld',	20080,	'HEALING',	'Hyjal',	'Hyjal',	9,	'Misery',	0,	'Sacré',	0,	2,	'spell_holy_holybolt',	'bg-paladin-holy',	110,	'Wisp',	'hyjal/248/149656824-avatar.jpg'),
(369,	4,	'Une maître-archère ou tireuse délite, qui excelle dans lexécution de cibles éloignées.',	'Morlli',	24880,	'DPS',	'Hyjal',	'Hyjal',	9,	'Misery',	1,	'Précision',	1,	3,	'ability_hunter_focusedaim',	'bg-hunter-marksman',	110,	'Wisp',	'hyjal/102/149729126-avatar.jpg'),
(370,	4,	'Prend la forme dun grand félin pour infliger des dégâts de saignement et des morsures.',	'Lasalière',	6945,	'DPS',	'Hyjal',	'Hyjal',	8,	'Misery',	1,	'Farouche',	1,	11,	'ability_druid_catform',	'bg-druid-cat',	110,	'Wisp',	'hyjal/218/149731290-avatar.jpg'),
(371,	4,	'Embrasse son démon intérieur pour incinérer ses ennemis et protéger ses alliés.',	'Bébécadum',	18715,	'TANK',	'Hyjal',	'Hyjal',	9,	'Misery',	1,	'Vengeance',	1,	12,	'ability_demonhunter_spectank',	'bg-warlock-demonology',	110,	'Wisp',	'hyjal/41/149980969-avatar.jpg'),
(372,	11,	'Utilise la magie de lOmbre, particulièrement des sorts de dégâts sur la durée, pour éliminer ses ennemis.',	'Ascetic',	22685,	'DPS',	'Hyjal',	'Hyjal',	9,	'Misery',	2,	'Ombre',	1,	5,	'spell_shadow_shadowwordpain',	'bg-priest-shadow',	12,	'Wisp',	'hyjal/0/150039552-avatar.jpg'),
(373,	11,	'Utilise la magie du Sacré pour se protéger et défendre ses alliés.',	'Vilhjálmur',	24570,	'TANK',	'Hyjal',	'Hyjal',	9,	'Misery',	1,	'Protection',	0,	2,	'ability_paladin_shieldofthetemplar',	'bg-paladin-protection',	110,	'Wisp',	'hyjal/206/150053070-avatar.jpg'),
(374,	3,	'Une lanceuse de sorts qui contrôle les forces destructrices de la Nature et des éléments.',	'Phurteh',	23790,	'DPS',	'Hyjal',	'Hyjal',	3,	'Misery',	0,	'Élémentaire',	1,	7,	'spell_nature_lightning',	'bg-shaman-elemental',	110,	'Wisp',	'hyjal/253/150054653-avatar.jpg'),
(375,	11,	'Une soigneuse qui fait appel aux esprits ancestraux et au pouvoir de purification de leau pour soigner les blessures de ses alliés.',	'Khâly',	26965,	'HEALING',	'Hyjal',	'Hyjal',	8,	'Misery',	2,	'Restauration',	1,	7,	'spell_nature_magicimmunity',	'bg-shaman-restoration',	110,	'Wisp',	'hyjal/170/150056874-avatar.jpg'),
(376,	4,	'Utilise la magie de lOmbre, particulièrement des sorts de dégâts sur la durée, pour éliminer ses ennemis.',	'Dynjia',	26965,	'DPS',	'Hyjal',	'Hyjal',	9,	'Misery',	2,	'Ombre',	1,	5,	'spell_shadow_shadowwordpain',	'bg-priest-shadow',	110,	'Wisp',	'hyjal/214/150058198-avatar.jpg'),
(377,	4,	'Une virtuose des glaives de guerre maîtrisant la puissance destructrice de la magie gangrenée.',	'Phurtilt',	23790,	'DPS',	'Hyjal',	'Hyjal',	9,	'Misery',	0,	'Dévastation',	1,	12,	'ability_demonhunter_specdps',	'bg-rogue-subtlety',	110,	'Wisp',	'hyjal/19/150063635-avatar.jpg'),
(378,	1,	'Croisé vertueux qui juge et punit ses adversaires à laide de ses armes et de la magie du Sacré.',	'Ramekarbz',	17675,	'DPS',	'Hyjal',	'Hyjal',	8,	'Misery',	2,	'Vindicte',	1,	2,	'spell_holy_auraoflight',	'bg-paladin-retribution',	110,	'Wisp',	'hyjal/40/150068264-avatar.jpg'),
(379,	29,	'Gèle les ennemis, les immobilise et les détruit grâce à la magie du Givre.',	'Fakkë',	14995,	'DPS',	'Hyjal',	'Hyjal',	6,	'Misery',	2,	'Givre',	1,	8,	'spell_frost_frostbolt02',	'bg-mage-frost',	110,	'Wisp',	'hyjal/113/150074225-avatar.jpg'),
(380,	4,	'Utilise la magie de la Nature pour lancer des sorts de soins sur la durée visant à maintenir ses alliés en vie.',	'Wàyde',	14840,	'HEALING',	'Hyjal',	'Hyjal',	8,	'Misery',	3,	'Restauration',	1,	11,	'spell_nature_healingtouch',	'bg-druid-restoration',	110,	'Wisp',	'hyjal/39/150092583-avatar.jpg'),
(381,	4,	'Manipule les énergies arcaniques, jouant avec la structure même du temps et de lespace.',	'Zreubog',	17675,	'DPS',	'Hyjal',	'Hyjal',	9,	'Misery',	0,	'Arcanes',	1,	8,	'spell_holy_magicalsentry',	'bg-mage-arcane',	110,	'Wisp',	'hyjal/242/150094066-avatar.jpg'),
(382,	29,	'Un pratiquant des arts martiaux hors pair qui roue de coups ses ennemis à laide de ses mains et de ses poings.',	'Rhaegar',	19060,	'DPS',	'Hyjal',	'Hyjal',	4,	'Misery',	2,	'Marche-vent',	0,	10,	'spell_monk_windwalker_spec',	'bg-monk-battledancer',	110,	'Wisp',	'hyjal/205/150097101-avatar.jpg'),
(383,	4,	'Une virtuose des glaives de guerre maîtrisant la puissance destructrice de la magie gangrenée.',	'Maelnys',	22475,	'DPS',	'Hyjal',	'Hyjal',	6,	'Misery',	0,	'Dévastation',	1,	12,	'ability_demonhunter_specdps',	'bg-rogue-subtlety',	110,	'Wisp',	'hyjal/181/150126005-avatar.jpg'),
(384,	1,	'Invoque la puissance de la Lumière pour protéger et soigner.',	'Phurtehdv',	23790,	'HEALING',	'Hyjal',	'Hyjal',	9,	'Misery',	0,	'Sacré',	1,	2,	'spell_holy_holybolt',	'bg-paladin-holy',	110,	'Wisp',	'hyjal/79/150147151-avatar.jpg'),
(385,	1,	'Enflamme ses ennemis à laide de boules de feu et du souffle des dragons.',	'Raizui',	13215,	'DPS',	'Hyjal',	'Hyjal',	9,	'Misery',	1,	'Feu',	0,	8,	'spell_fire_firebolt02',	'bg-mage-fire',	110,	'Wisp',	'hyjal/240/150176240-avatar.jpg'),
(386,	1,	'Croisé vertueux qui juge et punit ses adversaires à laide de ses armes et de la magie du Sacré.',	'Raizee',	13185,	'DPS',	'Hyjal',	'Hyjal',	9,	'Misery',	2,	'Vindicte',	0,	2,	'spell_holy_auraoflight',	'bg-paladin-retribution',	110,	'Wisp',	'hyjal/36/150186788-avatar.jpg'),
(387,	4,	'Une maîtresse de la mort et de la décomposition qui répand les maladies et soumet des serviteurs morts-vivants à sa volonté.',	'Daynea',	19060,	'DPS',	'Hyjal',	'Hyjal',	6,	'Misery',	2,	'Impie',	1,	6,	'spell_deathknight_unholypresence',	'bg-deathknight-unholy',	110,	'Wisp',	'hyjal/53/150324021-avatar.jpg'),
(388,	4,	'Une virtuose des glaives de guerre maîtrisant la puissance destructrice de la magie gangrenée.',	'Gachimuchi',	24600,	'DPS',	'Hyjal',	'Hyjal',	9,	'Misery',	0,	'Dévastation',	0,	12,	'ability_demonhunter_specdps',	'bg-rogue-subtlety',	110,	'Wisp',	'hyjal/225/150342369-avatar.jpg'),
(389,	1,	'Invoque la puissance de la Lumière pour protéger et soigner.',	'Ilyuan',	20540,	'HEALING',	'Hyjal',	'Hyjal',	9,	'Misery',	0,	'Sacré',	0,	2,	'spell_holy_holybolt',	'bg-paladin-holy',	110,	'Wisp',	'hyjal/40/150620712-avatar.jpg'),
(390,	25,	'Un soigneur qui maîtrise lart mystérieux de la manipulation des énergies vitales, avec laide de la sagesse du Serpent de jade et des techniques médicales pandarènes.',	'Shywan',	26965,	'HEALING',	'Hyjal',	'Hyjal',	9,	'Misery',	1,	'Tisse-brume',	1,	10,	'spell_monk_mistweaver_spec',	'bg-monk-mistweaver',	110,	'Wisp',	'hyjal/78/150731854-avatar.jpg'),
(391,	7,	'Une experte des démons qui contraint des puissances démoniaques à lui venir en aide.',	'Rainofphire',	19365,	'DPS',	'Hyjal',	'Hyjal',	2,	'Misery',	1,	'Démonologie',	1,	9,	'spell_shadow_metamorphosis',	'bg-warlock-demonology',	110,	'Wisp',	'hyjal/172/150875308-avatar.jpg'),
(392,	4,	'Un impitoyable maître des poisons qui achève ses ennemis par de vicieux coups de dague.',	'Stealthphire',	19565,	'DPS',	'Hyjal',	'Hyjal',	2,	'Misery',	0,	'Assassinat',	1,	4,	'ability_rogue_deadlybrew',	'bg-rogue-assassination',	110,	'Wisp',	'hyjal/103/151034983-avatar.jpg'),
(393,	1,	'Un maître de la magie de lOmbre qui se spécialise dans les drains et les sorts de dégâts sur la durée.',	'Phurrteh',	23790,	'DPS',	'Hyjal',	'Hyjal',	5,	'Misery',	0,	'Affliction',	1,	9,	'spell_shadow_deathcoil',	'bg-warlock-affliction',	110,	'Wisp',	'hyjal/204/151064780-avatar.jpg'),
(394,	25,	'Une traqueuse résistante qui utilise tout un attirail de venins danimaux, dexplosifs et de pièges comme armes mortelles.',	'Neorax',	12825,	'DPS',	'Hyjal',	'Hyjal',	6,	'Misery',	2,	'Survie',	0,	3,	'ability_hunter_camouflage',	'bg-hunter-survival',	110,	'Wisp',	'hyjal/164/151121060-avatar.jpg'),
(395,	11,	'Une soigneuse qui fait appel aux esprits ancestraux et au pouvoir de purification de leau pour soigner les blessures de ses alliés.',	'Wâydê',	14745,	'HEALING',	'Hyjal',	'Hyjal',	9,	'Misery',	2,	'Restauration',	1,	7,	'spell_nature_magicimmunity',	'bg-shaman-restoration',	110,	'Wisp',	'hyjal/255/151319039-avatar.jpg'),
(396,	29,	'Un maître de la magie de lOmbre qui se spécialise dans les drains et les sorts de dégâts sur la durée.',	'Ezad',	24600,	'DPS',	'Hyjal',	'Hyjal',	6,	'Misery',	0,	'Affliction',	0,	9,	'spell_shadow_deathcoil',	'bg-warlock-affliction',	110,	'Wisp',	'hyjal/53/151330613-avatar.jpg'),
(397,	29,	'Un furieux berserker maniant une arme dans chaque main, qui utilise une multitude dattaques pour tailler ses adversaires en pièces.',	'Haraldr',	19060,	'DPS',	'Hyjal',	'Hyjal',	9,	'Misery',	1,	'Fureur',	0,	1,	'ability_warrior_innerrage',	'bg-warrior-fury',	110,	'Wisp',	'hyjal/105/151436393-avatar.jpg'),
(398,	1,	'Un maître de la magie de lOmbre qui se spécialise dans les drains et les sorts de dégâts sur la durée.',	'Wäydë',	14955,	'DPS',	'Hyjal',	'Hyjal',	9,	'Misery',	0,	'Affliction',	1,	9,	'spell_shadow_deathcoil',	'bg-warlock-affliction',	45,	'Wisp',	'hyjal/71/151436615-avatar.jpg'),
(399,	1,	'Utilise la magie du Sacré pour se protéger et défendre ses alliés.',	'Deuslovult',	22685,	'TANK',	'Hyjal',	'Hyjal',	9,	'Misery',	1,	'Protection',	0,	2,	'ability_paladin_shieldofthetemplar',	'bg-paladin-protection',	44,	'Wisp',	'hyjal/184/151453624-avatar.jpg'),
(400,	11,	'Une lanceuse de sorts qui contrôle les forces destructrices de la Nature et des éléments.',	'Malikliya',	24485,	'DPS',	'Hyjal',	'Hyjal',	9,	'Misery',	0,	'Élémentaire',	0,	7,	'spell_nature_lightning',	'bg-shaman-elemental',	110,	'Wisp',	'hyjal/90/151465562-avatar.jpg'),
(401,	4,	'Un protecteur fidèle, qui utilise un bouclier pour sa propre sauvegarde et celle de ses alliés.',	'Feelswarman',	7130,	'TANK',	'Hyjal',	'Hyjal',	8,	'Misery',	2,	'Protection',	1,	1,	'ability_warrior_defensivestance',	'bg-warrior-protection',	110,	'Wisp',	'hyjal/82/151578450-avatar.jpg'),
(402,	11,	'Un guerrier totémique qui frappe ses ennemis avec des armes imprégnées de puissance élémentaire.',	'Farfadays',	7805,	'DPS',	'Hyjal',	'Hyjal',	1,	'Misery',	1,	'Amélioration',	1,	7,	'spell_shaman_improvedstormstrike',	'bg-shaman-enhancement',	110,	'Wisp',	'hyjal/51/151791923-avatar.jpg'),
(403,	1,	'Enflamme ses ennemis à laide de boules de feu et du souffle des dragons.',	'Zíreael',	4045,	'DPS',	'Hyjal',	'Hyjal',	9,	'Misery',	1,	'Feu',	1,	8,	'spell_fire_firebolt02',	'bg-mage-fire',	110,	'Wisp',	'hyjal/211/151820755-avatar.jpg'),
(404,	4,	'Embrasse son démon intérieur pour incinérer ses ennemis et protéger ses alliés.',	'Gudetangu',	6390,	'TANK',	'Hyjal',	'Hyjal',	9,	'Misery',	1,	'Vengeance',	1,	12,	'ability_demonhunter_spectank',	'bg-warlock-demonology',	110,	'Wisp',	'hyjal/232/151821800-avatar.jpg'),
(405,	1,	'Croisé vertueux qui juge et punit ses adversaires à laide de ses armes et de la magie du Sacré.',	'Fardeau',	7805,	'DPS',	'Hyjal',	'Hyjal',	2,	'Misery',	2,	'Vindicte',	1,	2,	'spell_holy_auraoflight',	'bg-paladin-retribution',	110,	'Wisp',	'hyjal/198/151986630-avatar.jpg'),
(406,	1,	'Gèle les ennemis, les immobilise et les détruit grâce à la magie du Givre.',	'Melianas',	22130,	'DPS',	'Hyjal',	'Hyjal',	9,	'Misery',	2,	'Givre',	1,	8,	'spell_frost_frostbolt02',	'bg-mage-frost',	110,	'Wisp',	'hyjal/113/152276337-avatar.jpg'),
(407,	1,	'Un maître de la magie de lOmbre qui se spécialise dans les drains et les sorts de dégâts sur la durée.',	'Raizoi',	13215,	'DPS',	'Hyjal',	'Hyjal',	9,	'Misery',	0,	'Affliction',	0,	9,	'spell_shadow_deathcoil',	'bg-warlock-affliction',	110,	'Wisp',	'hyjal/252/152318460-avatar.jpg'),
(408,	1,	'Un soigneur qui maîtrise lart mystérieux de la manipulation des énergies vitales, avec laide de la sagesse du Serpent de jade et des techniques médicales pandarènes.',	'Bikouski',	10025,	'HEALING',	'Hyjal',	'Hyjal',	9,	'Misery',	1,	'Tisse-brume',	0,	10,	'spell_monk_mistweaver_spec',	'bg-monk-mistweaver',	110,	'Wisp',	'hyjal/209/152320209-avatar.jpg'),
(409,	11,	'Enflamme ses ennemis à laide de boules de feu et du souffle des dragons.',	'Feelsmageman',	7515,	'DPS',	'Hyjal',	'Hyjal',	9,	'Misery',	1,	'Feu',	1,	8,	'spell_fire_firebolt02',	'bg-mage-fire',	110,	'Wisp',	'hyjal/108/152525932-avatar.jpg'),
(410,	1,	'Invoque la puissance de la Lumière pour protéger et soigner.',	'Waydounette',	14745,	'HEALING',	'Hyjal',	'Hyjal',	9,	'Misery',	0,	'Sacré',	1,	2,	'spell_holy_holybolt',	'bg-paladin-holy',	110,	'Wisp',	'hyjal/98/152541026-avatar.jpg'),
(411,	11,	'Un sombre gardien qui manipule et corrompt lénergie vitale pour se renforcer lors des assauts ennemis.',	'Teglue',	8005,	'TANK',	'Hyjal',	'Hyjal',	2,	'Misery',	0,	'Sang',	1,	6,	'spell_deathknight_bloodpresence',	'bg-deathknight-blood',	110,	'Wisp',	'hyjal/0/152811264-avatar.jpg'),
(412,	4,	'Peut prendre la forme dun puissant sélénien qui recherche léquilibre entre la puissance des Arcanes et la magie de la Nature pour détruire ses ennemis à distance.',	'Fâkkë',	14995,	'DPS',	'Hyjal',	'Hyjal',	9,	'Misery',	0,	'Équilibre',	1,	11,	'spell_nature_starfall',	'bg-druid-balance',	110,	'Wisp',	'hyjal/139/152823947-avatar.jpg'),
(413,	1,	'Une maître-archère ou tireuse délite, qui excelle dans lexécution de cibles éloignées.',	'Phurtehh',	23785,	'DPS',	'Hyjal',	'Hyjal',	9,	'Misery',	1,	'Précision',	1,	3,	'ability_hunter_focusedaim',	'bg-hunter-marksman',	110,	'Wisp',	'hyjal/184/152855736-avatar.jpg'),
(414,	4,	'Embrasse son démon intérieur pour incinérer ses ennemis et protéger ses alliés.',	'Cafarfadays',	7000,	'TANK',	'Hyjal',	'Hyjal',	9,	'Misery',	1,	'Vengeance',	1,	12,	'ability_demonhunter_spectank',	'bg-warlock-demonology',	110,	'Wisp',	'hyjal/45/153062957-avatar.jpg'),
(415,	30,	'Une traqueuse résistante qui utilise tout un attirail de venins danimaux, dexplosifs et de pièges comme armes mortelles.',	'Siyala',	9980,	'DPS',	'Hyjal',	'Hyjal',	9,	'Misery',	2,	'Survie',	1,	3,	'ability_hunter_camouflage',	'bg-hunter-survival',	110,	'Wisp',	'hyjal/71/153068615-avatar.jpg'),
(416,	4,	'Un pratiquant des arts martiaux hors pair qui roue de coups ses ennemis à laide de ses mains et de ses poings.',	'Mitsae',	24980,	'DPS',	'Hyjal',	'Hyjal',	9,	'Misery',	2,	'Marche-vent',	1,	10,	'spell_monk_windwalker_spec',	'bg-monk-battledancer',	110,	'Wisp',	'hyjal/135/153268359-avatar.jpg'),
(417,	4,	'Utilise la magie de lOmbre, particulièrement des sorts de dégâts sur la durée, pour éliminer ses ennemis.',	'Vhaenna',	19060,	'DPS',	'Hyjal',	'Hyjal',	9,	'Misery',	2,	'Ombre',	1,	5,	'spell_shadow_shadowwordpain',	'bg-priest-shadow',	110,	'Wisp',	'hyjal/110/153478766-avatar.jpg'),
(418,	7,	'Manipule les énergies arcaniques, jouant avec la structure même du temps et de lespace.',	'Blastpheme',	19565,	'DPS',	'Hyjal',	'Hyjal',	2,	'Misery',	0,	'Arcanes',	1,	8,	'spell_holy_magicalsentry',	'bg-mage-arcane',	110,	'Wisp',	'hyjal/164/153704356-avatar.jpg'),
(419,	3,	'Invoque la puissance de la Lumière pour protéger et soigner.',	'Sloris',	18175,	'HEALING',	'Hyjal',	'Hyjal',	9,	'Misery',	0,	'Sacré',	0,	2,	'spell_holy_holybolt',	'bg-paladin-holy',	110,	'Wisp',	'hyjal/142/153730190-avatar.jpg'),
(420,	22,	'Peut prendre la forme dun puissant sélénien qui recherche léquilibre entre la puissance des Arcanes et la magie de la Nature pour détruire ses ennemis à distance.',	'Raizyy',	13185,	'DPS',	'Hyjal',	'Hyjal',	9,	'Misery',	0,	'Équilibre',	1,	11,	'spell_nature_starfall',	'bg-druid-balance',	110,	'Wisp',	'hyjal/38/153799718-avatar.jpg'),
(421,	4,	'Enflamme ses ennemis à laide de boules de feu et du souffle des dragons.',	'Khâlanne',	27165,	'DPS',	'Hyjal',	'Hyjal',	9,	'Misery',	1,	'Feu',	1,	8,	'spell_fire_firebolt02',	'bg-mage-fire',	70,	'Wisp',	'hyjal/7/153800199-avatar.jpg'),
(422,	4,	'Prend la forme dun grand félin pour infliger des dégâts de saignement et des morsures.',	'Farfanight',	7805,	'DPS',	'Hyjal',	'Hyjal',	2,	'Misery',	1,	'Farouche',	1,	11,	'ability_druid_catform',	'bg-druid-cat',	110,	'Wisp',	'hyjal/98/153818210-avatar.jpg'),
(423,	11,	'Une maître-archère ou tireuse délite, qui excelle dans lexécution de cibles éloignées.',	'Ayaesha',	26965,	'DPS',	'Hyjal',	'Hyjal',	9,	'Misery',	1,	'Précision',	1,	3,	'ability_hunter_focusedaim',	'bg-hunter-marksman',	110,	'Wisp',	'hyjal/75/154011467-avatar.jpg'),
(424,	30,	'Utilise la magie du Sacré pour se protéger et défendre ses alliés.',	'Loriann',	22950,	'TANK',	'Hyjal',	'Hyjal',	6,	'Misery',	1,	'Protection',	1,	2,	'ability_paladin_shieldofthetemplar',	'bg-paladin-protection',	110,	'Wisp',	'hyjal/183/154012087-avatar.jpg'),
(425,	11,	'Un robuste combattant qui se sert de breuvages fortifiants et de mouvements imprévisibles pour éviter les dégâts et protéger ses alliés.',	'Farfamute',	7430,	'TANK',	'Hyjal',	'Hyjal',	2,	'Misery',	0,	'Maître brasseur',	1,	10,	'spell_monk_brewmaster_spec',	'bg-monk-brewmaster',	110,	'Wisp',	'hyjal/144/154064528-avatar.jpg'),
(426,	4,	'Peut prendre la forme dun puissant sélénien qui recherche léquilibre entre la puissance des Arcanes et la magie de la Nature pour détruire ses ennemis à distance.',	'Maystine',	13590,	'DPS',	'Hyjal',	'Hyjal',	6,	'Misery',	0,	'Équilibre',	1,	11,	'spell_nature_starfall',	'bg-druid-balance',	110,	'Wisp',	'hyjal/149/154200469-avatar.jpg'),
(427,	1,	'Utilise la magie de lOmbre, particulièrement des sorts de dégâts sur la durée, pour éliminer ses ennemis.',	'Trìggered',	13590,	'DPS',	'Hyjal',	'Hyjal',	9,	'Misery',	2,	'Ombre',	1,	5,	'spell_shadow_shadowwordpain',	'bg-priest-shadow',	110,	'Wisp',	'hyjal/92/154250332-avatar.jpg'),
(428,	1,	'Une maître-archère ou tireuse délite, qui excelle dans lexécution de cibles éloignées.',	'Waÿde',	14745,	'DPS',	'Hyjal',	'Hyjal',	9,	'Misery',	1,	'Précision',	1,	3,	'ability_hunter_focusedaim',	'bg-hunter-marksman',	110,	'Wisp',	'hyjal/185/154252729-avatar.jpg'),
(429,	1,	'Un sombre gardien qui manipule et corrompt lénergie vitale pour se renforcer lors des assauts ennemis.',	'Phurtee',	23775,	'TANK',	'Hyjal',	'Hyjal',	9,	'Misery',	0,	'Sang',	1,	6,	'spell_deathknight_bloodpresence',	'bg-deathknight-blood',	110,	'Wisp',	'hyjal/137/154277513-avatar.jpg'),
(430,	29,	'Une maître-archère ou tireuse délite, qui excelle dans lexécution de cibles éloignées.',	'Avvah',	12955,	'DPS',	'Hyjal',	'Hyjal',	9,	'Misery',	1,	'Précision',	1,	3,	'ability_hunter_focusedaim',	'bg-hunter-marksman',	110,	'Wisp',	'hyjal/65/154335297-avatar.jpg'),
(431,	1,	'Un sombre gardien qui manipule et corrompt lénergie vitale pour se renforcer lors des assauts ennemis.',	'Lorîann',	22950,	'TANK',	'Hyjal',	'Hyjal',	9,	'Misery',	0,	'Sang',	1,	6,	'spell_deathknight_bloodpresence',	'bg-deathknight-blood',	110,	'Wisp',	'hyjal/37/154347301-avatar.jpg'),
(432,	4,	'Utilise la magie de la Nature pour lancer des sorts de soins sur la durée visant à maintenir ses alliés en vie.',	'Danaeya',	26965,	'HEALING',	'Hyjal',	'Hyjal',	9,	'Misery',	3,	'Restauration',	1,	11,	'spell_nature_healingtouch',	'bg-druid-restoration',	110,	'Wisp',	'hyjal/121/154462585-avatar.jpg'),
(433,	25,	'Un fugitif impitoyable utilisant agilité et ruse pour affronter ses ennemis.',	'Farfaslack',	7805,	'DPS',	'Hyjal',	'Hyjal',	2,	'Misery',	1,	'Hors-la-loi',	1,	4,	'inv_sword_30',	'bg-rogue-combat',	110,	'Wisp',	'hyjal/202/154708682-avatar.jpg'),
(434,	1,	'Une maîtresse de la mort et de la décomposition qui répand les maladies et soumet des serviteurs morts-vivants à sa volonté.',	'Vilhjálmsson',	24255,	'DPS',	'Hyjal',	'Hyjal',	9,	'Misery',	2,	'Impie',	0,	6,	'spell_deathknight_unholypresence',	'bg-deathknight-unholy',	110,	'Wisp',	'hyjal/193/154859457-avatar.jpg'),
(435,	1,	'Un furieux berserker maniant une arme dans chaque main, qui utilise une multitude dattaques pour tailler ses adversaires en pièces.',	'Theren',	24980,	'DPS',	'Hyjal',	'Hyjal',	9,	'Misery',	1,	'Fureur',	0,	1,	'ability_warrior_innerrage',	'bg-warrior-fury',	110,	'Wisp',	'hyjal/161/155554465-avatar.jpg'),
(436,	4,	'Une virtuose des glaives de guerre maîtrisant la puissance destructrice de la magie gangrenée.',	'Yunalidan',	23660,	'DPS',	'Hyjal',	'Hyjal',	8,	'Misery',	0,	'Dévastation',	1,	12,	'ability_demonhunter_specdps',	'bg-rogue-subtlety',	110,	'Wisp',	'hyjal/212/156232660-avatar.jpg'),
(437,	11,	'Une soigneuse qui fait appel aux esprits ancestraux et au pouvoir de purification de leau pour soigner les blessures de ses alliés.',	'Raclêtte',	14590,	'HEALING',	'Hyjal',	'Hyjal',	6,	'Misery',	2,	'Restauration',	1,	7,	'spell_nature_magicimmunity',	'bg-shaman-restoration',	110,	'Wisp',	'hyjal/255/156610815-avatar.jpg'),
(438,	29,	'Un sombre traqueur qui surgit de lombre pour tendre une embuscade à sa proie sans méfiance.',	'Phurtiltz',	23785,	'DPS',	'Hyjal',	'Hyjal',	5,	'Misery',	2,	'Finesse',	1,	4,	'ability_stealth',	'bg-rogue-subtlety',	110,	'Wisp',	'hyjal/160/156680864-avatar.jpg'),
(439,	1,	'Un pratiquant des arts martiaux hors pair qui roue de coups ses ennemis à laide de ses mains et de ses poings.',	'Nanaêru',	12365,	'DPS',	'Hyjal',	'Hyjal',	9,	'Misery',	2,	'Marche-vent',	1,	10,	'spell_monk_windwalker_spec',	'bg-monk-battledancer',	110,	'Wisp',	'hyjal/177/156872113-avatar.jpg'),
(440,	3,	'Une soigneuse qui fait appel aux esprits ancestraux et au pouvoir de purification de leau pour soigner les blessures de ses alliés.',	'Râklêtte',	14590,	'HEALING',	'Hyjal',	'Hyjal',	9,	'Misery',	2,	'Restauration',	0,	7,	'spell_nature_magicimmunity',	'bg-shaman-restoration',	61,	'Wisp',	'hyjal/32/157368608-avatar.jpg'),
(441,	1,	'Un furieux berserker maniant une arme dans chaque main, qui utilise une multitude dattaques pour tailler ses adversaires en pièces.',	'Wawasimcraft',	19565,	'DPS',	'Hyjal',	'Hyjal',	2,	'Misery',	1,	'Fureur',	1,	1,	'ability_warrior_innerrage',	'bg-warrior-fury',	110,	'Wisp',	'hyjal/43/158049323-avatar.jpg'),
(442,	4,	'Une virtuose des glaives de guerre maîtrisant la puissance destructrice de la magie gangrenée.',	'Râclêtte',	14590,	'DPS',	'Hyjal',	'Hyjal',	9,	'Misery',	0,	'Dévastation',	1,	12,	'ability_demonhunter_specdps',	'bg-rogue-subtlety',	110,	'Wisp',	'hyjal/46/158055214-avatar.jpg'),
(443,	4,	'Une maîtresse de la mort et de la décomposition qui répand les maladies et soumet des serviteurs morts-vivants à sa volonté.',	'Sâkii',	6545,	'DPS',	'Hyjal',	'Hyjal',	9,	'Misery',	2,	'Impie',	1,	6,	'spell_deathknight_unholypresence',	'bg-deathknight-unholy',	110,	'Wisp',	'hyjal/219/158964443-avatar.jpg'),
(444,	4,	'Une traqueuse résistante qui utilise tout un attirail de venins danimaux, dexplosifs et de pièges comme armes mortelles.',	'Feelshuntman',	7545,	'DPS',	'Hyjal',	'Hyjal',	9,	'Misery',	2,	'Survie',	1,	3,	'ability_hunter_camouflage',	'bg-hunter-survival',	55,	'Wisp',	'hyjal/62/159170110-avatar.jpg'),
(445,	4,	'Utilise la magie de la Nature pour lancer des sorts de soins sur la durée visant à maintenir ses alliés en vie.',	'Owlphire',	19250,	'HEALING',	'Hyjal',	'Hyjal',	9,	'Misery',	3,	'Restauration',	1,	11,	'spell_nature_healingtouch',	'bg-druid-restoration',	51,	'Wisp',	'hyjal/91/159170139-avatar.jpg'),
(446,	3,	'Gèle les ennemis, les immobilise et les détruit grâce à la magie du Givre.',	'Sotlekill',	13590,	'DPS',	'Hyjal',	'Hyjal',	9,	'Misery',	2,	'Givre',	0,	8,	'spell_frost_frostbolt02',	'bg-mage-frost',	61,	'Wisp',	'hyjal/98/159170402-avatar.jpg'),
(447,	7,	'Un furieux berserker maniant une arme dans chaque main, qui utilise une multitude dattaques pour tailler ses adversaires en pièces.',	'Warfadays',	7430,	'DPS',	'Hyjal',	'Hyjal',	2,	'Misery',	1,	'Fureur',	0,	1,	'ability_warrior_innerrage',	'bg-warrior-fury',	101,	'Wisp',	'hyjal/210/159180498-avatar.jpg'),
(448,	1,	'Un maître de la magie de lOmbre qui se spécialise dans les drains et les sorts de dégâts sur la durée.',	'Fqkke',	14995,	'DPS',	'Hyjal',	'Hyjal',	9,	'Misery',	0,	'Affliction',	1,	9,	'spell_shadow_deathcoil',	'bg-warlock-affliction',	110,	'Wisp',	'hyjal/190/159181502-avatar.jpg'),
(449,	4,	'Une virtuose des glaives de guerre maîtrisant la puissance destructrice de la magie gangrenée.',	'Nanaëru',	12365,	'DPS',	'Hyjal',	'Hyjal',	9,	'Misery',	0,	'Dévastation',	1,	12,	'ability_demonhunter_specdps',	'bg-rogue-subtlety',	110,	'Wisp',	'hyjal/58/159385402-avatar.jpg'),
(450,	7,	'Manipule les énergies arcaniques, jouant avec la structure même du temps et de lespace.',	'Farfarcane',	7805,	'DPS',	'Hyjal',	'Hyjal',	2,	'Misery',	0,	'Arcanes',	1,	8,	'spell_holy_magicalsentry',	'bg-mage-arcane',	101,	'Wisp',	'hyjal/84/159392852-avatar.jpg'),
(451,	29,	'Un furieux berserker maniant une arme dans chaque main, qui utilise une multitude dattaques pour tailler ses adversaires en pièces.',	'Phurtos',	23775,	'DPS',	'Hyjal',	'Hyjal',	9,	'Misery',	1,	'Fureur',	1,	1,	'ability_warrior_innerrage',	'bg-warrior-fury',	110,	'Wisp',	'hyjal/158/159556254-avatar.jpg'),
(452,	29,	'Utilise la magie de lOmbre, particulièrement des sorts de dégâts sur la durée, pour éliminer ses ennemis.',	'Raizae',	0,	'DPS',	'Hyjal',	'Hyjal',	9,	'Misery',	2,	'Ombre',	1,	5,	'spell_shadow_shadowwordpain',	'bg-priest-shadow',	24,	'Wisp',	'hyjal/151/159557271-avatar.jpg'),
(453,	29,	'Un pratiquant des arts martiaux hors pair qui roue de coups ses ennemis à laide de ses mains et de ses poings.',	'Fakkê',	0,	'DPS',	'Hyjal',	'Hyjal',	9,	'Misery',	2,	'Marche-vent',	1,	10,	'spell_monk_windwalker_spec',	'bg-monk-battledancer',	110,	'Wisp',	'hyjal/36/159561508-avatar.jpg'),
(454,	29,	'Une maître-archère ou tireuse délite, qui excelle dans lexécution de cibles éloignées.',	'Felkin',	22475,	'DPS',	'Hyjal',	'Hyjal',	9,	'Misery',	1,	'Précision',	0,	5,	'ability_hunter_focusedaim',	'bg-hunter-marksman',	110,	'Wisp',	'hyjal/47/159562543-avatar.jpg'),
(455,	29,	'Invoque la puissance de la Lumière pour protéger et soigner.',	'Resonantsoul',	22475,	'HEALING',	'Hyjal',	'Hyjal',	9,	'Misery',	0,	'Sacré',	0,	10,	'spell_holy_holybolt',	'bg-paladin-holy',	104,	'Wisp',	'hyjal/220/159562716-avatar.jpg'),
(456,	29,	'Croisé vertueux qui juge et punit ses adversaires à laide de ses armes et de la magie du Sacré.',	'Räclêtte',	14195,	'DPS',	'Hyjal',	'Hyjal',	9,	'Misery',	2,	'Vindicte',	1,	3,	'spell_holy_auraoflight',	'bg-paladin-retribution',	75,	'Wisp',	'hyjal/235/159569643-avatar.jpg'),
(457,	30,	'Peut prendre la forme dun puissant sélénien qui recherche léquilibre entre la puissance des Arcanes et la magie de la Nature pour détruire ses ennemis à distance.',	'Innervwings',	19365,	'DPS',	'Hyjal',	'Hyjal',	9,	'Misery',	0,	'Équilibre',	1,	2,	'spell_nature_starfall',	'bg-druid-balance',	110,	'Wisp',	'hyjal/102/159569766-avatar.jpg'),
(458,	30,	'Un maître de la magie de lOmbre qui se spécialise dans les drains et les sorts de dégâts sur la durée.',	'Nanaaeru',	11495,	'DPS',	'Hyjal',	'Hyjal',	9,	'Misery',	0,	'Affliction',	1,	2,	'spell_shadow_deathcoil',	'bg-warlock-affliction',	110,	'Wisp',	'hyjal/87/159570007-avatar.jpg'),
(459,	4,	'Une maître-archère ou tireuse délite, qui excelle dans lexécution de cibles éloignées.',	'Raklêtte',	14195,	'DPS',	'Hyjal',	'Hyjal',	9,	'Misery',	1,	'Précision',	1,	11,	'ability_hunter_focusedaim',	'bg-hunter-marksman',	110,	'Wisp',	'hyjal/11/159573003-avatar.jpg'),
(460,	29,	'Enflamme ses ennemis à laide de boules de feu et du souffle des dragons.',	'Nydane',	18175,	'DPS',	'Hyjal',	'Hyjal',	9,	'Misery',	1,	'Feu',	1,	9,	'spell_fire_firebolt02',	'bg-mage-fire',	110,	'Wisp',	'hyjal/186/159584954-avatar.jpg'),
(461,	29,	'Une experte des démons qui contraint des puissances démoniaques à lui venir en aide.',	'Johann',	19060,	'DPS',	'Hyjal',	'Hyjal',	9,	'Misery',	1,	'Démonologie',	0,	3,	'spell_shadow_metamorphosis',	'bg-warlock-demonology',	110,	'Wisp',	'hyjal/4/159861764-avatar.jpg'),
(462,	29,	'Utilise la magie de lOmbre, particulièrement des sorts de dégâts sur la durée, pour éliminer ses ennemis.',	'Phurtrap',	23790,	'DPS',	'Hyjal',	'Hyjal',	9,	'Misery',	2,	'Ombre',	1,	8,	'spell_shadow_shadowwordpain',	'bg-priest-shadow',	110,	'Wisp',	'hyjal/192/159866304-avatar.jpg'),
(463,	29,	'Un furieux berserker maniant une arme dans chaque main, qui utilise une multitude dattaques pour tailler ses adversaires en pièces.',	'Sayaska',	10095,	'DPS',	'Hyjal',	'Hyjal',	9,	'Misery',	1,	'Fureur',	1,	9,	'ability_warrior_innerrage',	'bg-warrior-fury',	110,	'Wisp',	'hyjal/194/159906242-avatar.jpg'),
(464,	29,	'Un fugitif impitoyable utilisant agilité et ruse pour affronter ses ennemis.',	'Raizay',	13185,	'DPS',	'Hyjal',	'Hyjal',	9,	'Misery',	1,	'Hors-la-loi',	1,	5,	'inv_sword_30',	'bg-rogue-combat',	110,	'Wisp',	'hyjal/187/159923643-avatar.jpg'),
(465,	29,	'Enflamme ses ennemis à laide de boules de feu et du souffle des dragons.',	'Raizoy',	13100,	'DPS',	'Hyjal',	'Hyjal',	9,	'Misery',	1,	'Feu',	1,	1,	'spell_fire_firebolt02',	'bg-mage-fire',	110,	'Wisp',	'hyjal/253/160038141-avatar.jpg'),
(466,	29,	'Une traqueuse résistante qui utilise tout un attirail de venins danimaux, dexplosifs et de pièges comme armes mortelles.',	'Lolriann',	22770,	'DPS',	'Hyjal',	'Hyjal',	9,	'Misery',	2,	'Survie',	1,	4,	'ability_hunter_camouflage',	'bg-hunter-survival',	37,	'Wisp',	'hyjal/31/160072223-avatar.jpg'),
(467,	29,	'Embrasse son démon intérieur pour incinérer ses ennemis et protéger ses alliés.',	'Visaenya',	19060,	'TANK',	'Hyjal',	'Hyjal',	9,	'Misery',	1,	'Vengeance',	1,	8,	'ability_demonhunter_spectank',	'bg-warlock-demonology',	110,	'Wisp',	'hyjal/159/160195231-avatar.jpg'),
(468,	29,	'Utilise la magie de lOmbre, particulièrement des sorts de dégâts sur la durée, pour éliminer ses ennemis.',	'Fardays',	7450,	'DPS',	'Hyjal',	'Hyjal',	2,	'Misery',	2,	'Ombre',	1,	3,	'spell_shadow_shadowwordpain',	'bg-priest-shadow',	110,	'Wisp',	'hyjal/109/160208493-avatar.jpg'),
(469,	4,	'Un maître de la magie de lOmbre qui se spécialise dans les drains et les sorts de dégâts sur la durée.',	'Maystïne',	13590,	'DPS',	'Hyjal',	'Hyjal',	9,	'Misery',	0,	'Affliction',	1,	12,	'spell_shadow_deathcoil',	'bg-warlock-affliction',	110,	'Wisp',	'hyjal/211/160217299-avatar.jpg'),
(470,	29,	'Un maître de la magie de lOmbre qui se spécialise dans les drains et les sorts de dégâts sur la durée.',	'Zfro',	11260,	'DPS',	'Hyjal',	'Hyjal',	9,	'Misery',	0,	'Affliction',	1,	5,	'spell_shadow_deathcoil',	'bg-warlock-affliction',	110,	'Wisp',	'hyjal/38/160309542-avatar.jpg'),
(471,	29,	'Une maître-archère ou tireuse délite, qui excelle dans lexécution de cibles éloignées.',	'Waydelock',	14745,	'DPS',	'Hyjal',	'Hyjal',	9,	'Misery',	1,	'Précision',	1,	9,	'ability_hunter_focusedaim',	'bg-hunter-marksman',	110,	'Wisp',	'hyjal/147/160481171-avatar.jpg'),
(472,	29,	'Utilise la magie pour empêcher que ses alliés subissent des dégâts, ou pour les soigner.',	'Resurgence',	19060,	'HEALING',	'Hyjal',	'Hyjal',	9,	'Misery',	0,	'Discipline',	0,	9,	'spell_holy_powerwordshield',	'bg-priest-discipline',	110,	'Wisp',	'hyjal/208/160498384-avatar.jpg'),
(473,	29,	'Un maître de la magie de lOmbre qui se spécialise dans les drains et les sorts de dégâts sur la durée.',	'Nanaah',	12555,	'DPS',	'Hyjal',	'Hyjal',	9,	'Misery',	0,	'Affliction',	1,	3,	'spell_shadow_deathcoil',	'bg-warlock-affliction',	110,	'Wisp',	'hyjal/241/160568817-avatar.jpg'),
(474,	29,	'Un robuste combattant qui se sert de breuvages fortifiants et de mouvements imprévisibles pour éviter les dégâts et protéger ses alliés.',	'Decadenscene',	24570,	'TANK',	'Hyjal',	'Hyjal',	9,	'Misery',	0,	'Maître brasseur',	0,	5,	'spell_monk_brewmaster_spec',	'bg-monk-brewmaster',	20,	'Wisp',	'hyjal/246/160876790-avatar.jpg'),
(475,	29,	'Un guerrier totémique qui frappe ses ennemis avec des armes imprégnées de puissance élémentaire.',	'Hävaa',	12955,	'DPS',	'Hyjal',	'Hyjal',	9,	'Misery',	1,	'Amélioration',	1,	9,	'spell_shaman_improvedstormstrike',	'bg-shaman-enhancement',	110,	'Wisp',	'hyjal/162/160971426-avatar.jpg'),
(476,	29,	'Un funeste messager de glace, qui canalise sa puissance runique et frappe rapidement avec son arme.',	'Biggooddy',	23505,	'DPS',	'Hyjal',	'Hyjal',	9,	'Misery',	1,	'Givre',	1,	10,	'spell_deathknight_frostpresence',	'bg-deathknight-frost',	110,	'Wisp',	'hyjal/185/161140921-avatar.jpg'),
(477,	3,	'Invoque la puissance de la Lumière pour protéger et soigner.',	'Neorrax',	12825,	'HEALING',	'Hyjal',	'Hyjal',	9,	'Misery',	0,	'Sacré',	0,	7,	'spell_holy_holybolt',	'bg-paladin-holy',	110,	'Wisp',	'hyjal/120/161270136-avatar.jpg'),
(478,	4,	'Utilise la magie de lOmbre, particulièrement des sorts de dégâts sur la durée, pour éliminer ses ennemis.',	'Zedfro',	11260,	'DPS',	'Hyjal',	'Hyjal',	9,	'Misery',	2,	'Ombre',	1,	6,	'spell_shadow_shadowwordpain',	'bg-priest-shadow',	110,	'Wisp',	'hyjal/104/161347176-avatar.jpg'),
(479,	30,	'Une virtuose des glaives de guerre maîtrisant la puissance destructrice de la magie gangrenée.',	'Glutch',	0,	'DPS',	'Hyjal',	'Hyjal',	9,	'Misery',	0,	'Dévastation',	1,	5,	'ability_demonhunter_specdps',	'bg-rogue-subtlety',	20,	'Wisp',	'hyjal/156/161376412-avatar.jpg'),
(480,	1,	'Un pratiquant des arts martiaux hors pair qui roue de coups ses ennemis à laide de ses mains et de ses poings.',	'Fragh',	12190,	'DPS',	'Hyjal',	'Hyjal',	6,	'Misery',	2,	'Marche-vent',	1,	2,	'spell_monk_windwalker_spec',	'bg-monk-battledancer',	110,	'Wisp',	'hyjal/0/161447424-avatar.jpg'),
(481,	29,	'Un furieux berserker maniant une arme dans chaque main, qui utilise une multitude dattaques pour tailler ses adversaires en pièces.',	'Almépriest',	16185,	'DPS',	'Hyjal',	'Hyjal',	9,	'Misery',	1,	'Fureur',	1,	5,	'ability_warrior_innerrage',	'bg-warrior-fury',	110,	'Wisp',	'hyjal/129/161456769-avatar.jpg'),
(482,	4,	'Un sombre gardien qui manipule et corrompt lénergie vitale pour se renforcer lors des assauts ennemis.',	'Almédh',	16185,	'TANK',	'Hyjal',	'Hyjal',	9,	'Misery',	0,	'Sang',	1,	12,	'spell_deathknight_bloodpresence',	'bg-deathknight-blood',	110,	'Wisp',	'hyjal/171/161456811-avatar.jpg'),
(483,	29,	'Un maître de la faune, capable de dompter une grande variété de bêtes qui lassisteront au combat.',	'Almémonk',	16185,	'DPS',	'Hyjal',	'Hyjal',	9,	'Misery',	0,	'Maîtrise des bêtes',	1,	10,	'ability_hunter_bestialdiscipline',	'bg-hunter-beastmaster',	110,	'Wisp',	'hyjal/180/161456820-avatar.jpg'),
(484,	30,	'Une traqueuse résistante qui utilise tout un attirail de venins danimaux, dexplosifs et de pièges comme armes mortelles.',	'Alméwar',	5935,	'DPS',	'Hyjal',	'Hyjal',	9,	'Misery',	2,	'Survie',	1,	1,	'ability_hunter_camouflage',	'bg-hunter-survival',	110,	'Wisp',	'hyjal/175/161467311-avatar.jpg'),
(485,	4,	'Un pratiquant des arts martiaux hors pair qui roue de coups ses ennemis à laide de ses mains et de ses poings.',	'Almérîa',	12085,	'DPS',	'Hyjal',	'Hyjal',	9,	'Misery',	2,	'Marche-vent',	1,	6,	'spell_monk_windwalker_spec',	'bg-monk-battledancer',	110,	'Wisp',	'hyjal/190/161467326-avatar.jpg'),
(486,	4,	'Un maître de la faune, capable de dompter une grande variété de bêtes qui lassisteront au combat.',	'Almé',	9100,	'DPS',	'Hyjal',	'Hyjal',	3,	'Misery',	0,	'Maîtrise des bêtes',	1,	3,	'ability_hunter_bestialdiscipline',	'bg-hunter-beastmaster',	110,	'Wisp',	'hyjal/115/161467763-avatar.jpg'),
(487,	29,	'Un funeste messager de glace, qui canalise sa puissance runique et frappe rapidement avec son arme.',	'Kaïkën',	24235,	'DPS',	'Hyjal',	'Hyjal',	9,	'Misery',	1,	'Givre',	1,	3,	'spell_deathknight_frostpresence',	'bg-deathknight-frost',	110,	'Wisp',	'hyjal/148/161499284-avatar.jpg'),
(488,	29,	'Enflamme ses ennemis à laide de boules de feu et du souffle des dragons.',	'Ramekarbx',	17675,	'DPS',	'Hyjal',	'Hyjal',	9,	'Misery',	1,	'Feu',	1,	10,	'spell_fire_firebolt02',	'bg-mage-fire',	110,	'Wisp',	'hyjal/24/161551896-avatar.jpg'),
(489,	29,	'Prend la forme dun grand félin pour infliger des dégâts de saignement et des morsures.',	'Alméhunt',	16185,	'DPS',	'Hyjal',	'Hyjal',	9,	'Misery',	1,	'Farouche',	1,	3,	'ability_druid_catform',	'bg-druid-cat',	37,	'Wisp',	'hyjal/211/161716947-avatar.jpg'),
(490,	4,	'Un sombre traqueur qui surgit de lombre pour tendre une embuscade à sa proie sans méfiance.',	'Fragy',	12190,	'DPS',	'Hyjal',	'Hyjal',	9,	'Misery',	2,	'Finesse',	1,	6,	'ability_stealth',	'bg-rogue-subtlety',	110,	'Wisp',	'hyjal/59/161746491-avatar.jpg'),
(491,	29,	'Une experte des démons qui contraint des puissances démoniaques à lui venir en aide.',	'Alméfire',	3675,	'DPS',	'Hyjal',	'Hyjal',	9,	'Misery',	1,	'Démonologie',	1,	8,	'spell_shadow_metamorphosis',	'bg-warlock-demonology',	110,	'Wisp',	'hyjal/73/162067273-avatar.jpg'),
(492,	29,	'Une virtuose des glaives de guerre maîtrisant la puissance destructrice de la magie gangrenée.',	'Alméwarz',	0,	'DPS',	'Hyjal',	'Hyjal',	9,	'Misery',	0,	'Dévastation',	1,	1,	'ability_demonhunter_specdps',	'bg-rogue-subtlety',	20,	'Wisp',	'hyjal/79/162067279-avatar.jpg'),
(493,	30,	'Un maître de la magie de lOmbre qui se spécialise dans les drains et les sorts de dégâts sur la durée.',	'Palméla',	0,	'DPS',	'Hyjal',	'Hyjal',	9,	'Misery',	0,	'Affliction',	1,	2,	'spell_shadow_deathcoil',	'bg-warlock-affliction',	31,	'Wisp',	'hyjal/130/162067330-avatar.jpg'),
(494,	4,	'Un funeste messager de glace, qui canalise sa puissance runique et frappe rapidement avec son arme.',	'Almédrood',	2700,	'DPS',	'Hyjal',	'Hyjal',	9,	'Misery',	1,	'Givre',	1,	11,	'spell_deathknight_frostpresence',	'bg-deathknight-frost',	110,	'Wisp',	'hyjal/23/162067479-avatar.jpg'),
(495,	29,	'Un guerrier totémique qui frappe ses ennemis avec des armes imprégnées de puissance élémentaire.',	'Ukyan',	13620,	'DPS',	'Hyjal',	'Hyjal',	9,	'Misery',	1,	'Amélioration',	1,	4,	'spell_shaman_improvedstormstrike',	'bg-shaman-enhancement',	110,	'Wisp',	'hyjal/211/162143955-avatar.jpg'),
(496,	29,	'Un robuste combattant qui se sert de breuvages fortifiants et de mouvements imprévisibles pour éviter les dégâts et protéger ses alliés.',	'Irana',	20435,	'TANK',	'Hyjal',	'Hyjal',	9,	'Misery',	0,	'Maître brasseur',	1,	9,	'spell_monk_brewmaster_spec',	'bg-monk-brewmaster',	110,	'Wisp',	'hyjal/10/162297354-avatar.jpg'),
(497,	4,	'Peut prendre la forme dun puissant sélénien qui recherche léquilibre entre la puissance des Arcanes et la magie de la Nature pour détruire ses ennemis à distance.',	'Lobsteria',	20435,	'DPS',	'Hyjal',	'Hyjal',	6,	'Misery',	0,	'Équilibre',	1,	12,	'spell_nature_starfall',	'bg-druid-balance',	110,	'Wisp',	'hyjal/53/162297397-avatar.jpg'),
(498,	1,	'Embrasse son démon intérieur pour incinérer ses ennemis et protéger ses alliés.',	'Wiildat',	14040,	'TANK',	'Hyjal',	'Hyjal',	6,	'Misery',	1,	'Vengeance',	1,	9,	'ability_demonhunter_spectank',	'bg-warlock-demonology',	110,	'Wisp',	'hyjal/6/162314758-avatar.jpg'),
(499,	1,	'Croisé vertueux qui juge et punit ses adversaires à laide de ses armes et de la magie du Sacré.',	'Tookine',	14975,	'DPS',	'Hyjal',	'Hyjal',	9,	'Misery',	2,	'Vindicte',	1,	6,	'spell_holy_auraoflight',	'bg-paladin-retribution',	110,	'Wisp',	'hyjal/145/162357905-avatar.jpg'),
(500,	3,	'Un soigneur qui maîtrise lart mystérieux de la manipulation des énergies vitales, avec laide de la sagesse du Serpent de jade et des techniques médicales pandarènes.',	'Wiilstorm',	14040,	'HEALING',	'Hyjal',	'Hyjal',	9,	'Misery',	1,	'Tisse-brume',	0,	7,	'spell_monk_mistweaver_spec',	'bg-monk-mistweaver',	110,	'Wisp',	'hyjal/154/162422938-avatar.jpg'),
(501,	4,	'Croisé vertueux qui juge et punit ses adversaires à laide de ses armes et de la magie du Sacré.',	'Phhurteh',	23785,	'DPS',	'Hyjal',	'Hyjal',	9,	'Misery',	2,	'Vindicte',	1,	10,	'spell_holy_auraoflight',	'bg-paladin-retribution',	40,	'Wisp',	'hyjal/27/162445339-avatar.jpg'),
(502,	4,	'Un furieux berserker maniant une arme dans chaque main, qui utilise une multitude dattaques pour tailler ses adversaires en pièces.',	'Vaelah',	19060,	'DPS',	'Hyjal',	'Hyjal',	9,	'Misery',	1,	'Fureur',	1,	11,	'ability_warrior_innerrage',	'bg-warrior-fury',	101,	'Wisp',	'hyjal/4/162549252-avatar.jpg'),
(503,	4,	'Un maître de la magie de lOmbre qui se spécialise dans les drains et les sorts de dégâts sur la durée.',	'Zdfro',	11260,	'DPS',	'Hyjal',	'Hyjal',	9,	'Misery',	0,	'Affliction',	1,	12,	'spell_shadow_deathcoil',	'bg-warlock-affliction',	110,	'Wisp',	'hyjal/10/162640394-avatar.jpg'),
(504,	30,	'Utilise la magie du Sacré pour se protéger et défendre ses alliés.',	'Argam',	24975,	'TANK',	'Hyjal',	'Hyjal',	9,	'Misery',	1,	'Protection',	1,	2,	'ability_paladin_shieldofthetemplar',	'bg-paladin-protection',	21,	'Wisp',	'hyjal/146/163255442-avatar.jpg'),
(505,	11,	NULL,	'Lobsterine',	0,	NULL,	'Hyjal',	'Hyjal',	9,	'Misery',	NULL,	NULL,	1,	6,	NULL,	NULL,	61,	'Wisp',	'hyjal/70/163585862-avatar.jpg'),
(506,	29,	NULL,	'Zdfrokk',	11280,	NULL,	'Hyjal',	'Hyjal',	9,	'Misery',	NULL,	NULL,	1,	10,	NULL,	NULL,	110,	'Wisp',	'hyjal/63/163641407-avatar.jpg'),
(507,	1,	NULL,	'Farfalmé',	16185,	NULL,	'Hyjal',	'Hyjal',	9,	'Misery',	NULL,	NULL,	0,	2,	NULL,	NULL,	110,	'Wisp',	'hyjal/75/163684171-avatar.jpg'),
(508,	1,	NULL,	'Demetori',	24570,	NULL,	'Hyjal',	'Hyjal',	9,	'Misery',	NULL,	NULL,	0,	1,	NULL,	NULL,	110,	'Wisp',	'hyjal/214/163688150-avatar.jpg'),
(509,	29,	NULL,	'Demorli',	24880,	NULL,	'Hyjal',	'Hyjal',	9,	'Misery',	NULL,	NULL,	1,	9,	NULL,	NULL,	110,	'Wisp',	'hyjal/26/159588890-avatar.jpg'),
(510,	1,	NULL,	'Mightbe',	13440,	NULL,	'Hyjal',	'Hyjal',	9,	'Misery',	NULL,	NULL,	0,	2,	NULL,	NULL,	110,	'Wisp',	'hyjal/217/152414169-avatar.jpg');

DROP TABLE IF EXISTS `wc_MonturePerso`;
CREATE TABLE `wc_MonturePerso` (
  `mounts_perso_id` int(11) NOT NULL,
  `personnages_mounts_id` int(11) DEFAULT NULL,
  `monture_mounts_id` int(11) DEFAULT NULL,
  PRIMARY KEY (`mounts_perso_id`),
  KEY `personnages_mounts_id` (`personnages_mounts_id`),
  KEY `monture_mounts_id` (`monture_mounts_id`),
  CONSTRAINT `wc_MonturePerso_ibfk_1` FOREIGN KEY (`personnages_mounts_id`) REFERENCES `wc_personnages` (`identification`),
  CONSTRAINT `wc_MonturePerso_ibfk_2` FOREIGN KEY (`monture_mounts_id`) REFERENCES `wc_mounts` (`mounts_creature_id`),
  CONSTRAINT `PERSONNAGE_MOUNTS` CHECK (`personnages_mounts_id` >= 0),
  CONSTRAINT `MONTURE_MOUNTS` CHECK (`monture_mounts_id` >= 0)
) ENGINE=InnoDB DEFAULT CHARSET=utf8;

TRUNCATE `wc_MonturePerso`;
INSERT INTO `wc_MonturePerso` (`mounts_perso_id`, `personnages_mounts_id`, `monture_mounts_id`) VALUES
(1,	1,	305),
(2,	3,	3068),
(3,	2,	4271),
(4,	7,	14333),
(5,	7,	14548),
(6,	7,	14552),
(7,	5,	14543),
(8,	5,	31778),
(9,	5,	33316);

DROP TABLE IF EXISTS `wc_mounts`;
CREATE TABLE `wc_mounts` (
  `mounts_creature_id` int(11) NOT NULL,
  `mounts_icon` varchar(80) DEFAULT NULL,
  `mounts_item_id` int(11) DEFAULT NULL,
  `mounts_name` varchar(60) DEFAULT NULL,
  `mounts_quality_id` int(11) DEFAULT NULL,
  `mounts_spell_id` int(11) DEFAULT NULL,
  PRIMARY KEY (`mounts_creature_id`)
) ENGINE=InnoDB DEFAULT CHARSET=utf8;

TRUNCATE `wc_mounts`;
INSERT INTO `wc_mounts` (`mounts_creature_id`, `mounts_icon`, `mounts_item_id`, `mounts_name`, `mounts_quality_id`, `mounts_spell_id`) VALUES
(-81772,	'inv_dogmount',	0,	'Shu Zen, la sentinelle divine',	1,	259395),
(-80358,	'inv_armoredraptor',	0,	'Ravasaure doré',	1,	255696),
(-80357,	'inv_dressedhorse',	0,	'Étalon crin-de-mer',	1,	255695),
(-79790,	'inv_lightforgedelekk_blue',	153044,	'Gangrebroyeur vengeur',	4,	254259),
(-79789,	'inv_lightforgedelekk_amethyst',	153043,	'Gangrebroyeur béni',	4,	254258),
(-79613,	'inv_ammo_bullet_07',	152912,	'Ortie d’eau douce',	4,	253711),
(-79595,	'inv_argusfelstalkermountred',	152905,	'Gueule-écumante cramoisie',	4,	253661),
(-79593,	'inv_argusfelstalkermountgrey',	152904,	'Crache-acide',	4,	253662),
(-79592,	'inv_argusfelstalkermountblue',	152903,	'Grince-dents caustique',	4,	253660),
(-79583,	'inv_mount_arcaneraven',	152901,	'Aile-ensorcelée pourpre',	4,	253639),
(-79487,	'inv_manaraymount_redfel',	152841,	'Raie de mana gangreluisante',	4,	253108),
(-79486,	'inv_manaraymount_orange',	152840,	'Raie de mana scintillante',	4,	253109),
(-79485,	'inv_manaraymount_purple',	152842,	'Raie de mana éclatante',	4,	253106),
(-79484,	'inv_manaraymount_blue',	152844,	'Raie de mana diaprée',	4,	253107),
(-79480,	'inv_felhound3_shadow_mount',	152815,	'Molosse ombreux antoréen',	4,	253087),
(-79479,	'inv_felhound3_shadow_fire',	152816,	'Molosse embrasé antoréen',	4,	253088),
(-79444,	'inv_argustalbukmount_red',	152793,	'Foule-ruines brun-roux',	4,	253006),
(-79443,	'inv_argustalbukmount_purple',	152794,	'Foule-ruines améthyste',	4,	253004),
(-79441,	'inv_argustalbukmount_green',	152795,	'Foule-ruines béryl',	4,	253005),
(-79440,	'inv_argustalbukmount_felred',	153041,	'Foule-ruines sabot-morne',	4,	254260),
(-79438,	'inv_argustalbukmount_brown',	152796,	'Foule-ruines acajou',	4,	253008),
(-79437,	'inv_argustalbukmount_blue',	152797,	'Foule-ruines céruléen',	4,	253007),
(-79436,	'inv_soulhoundmount_blue',	152789,	'Ur’zul entravé',	4,	243651),
(-78105,	'inv_zeppelinmount',	153485,	'Dirigeable de Sombrelune',	4,	247448),
(-78092,	'inv_horse2purple',	151623,	'Cauchemar lucide',	4,	247402),
(-77298,	'inv_hordezeppelinmount',	151617,	'Intercepteur d’Orgrimmar',	4,	245725),
(-77297,	'inv_allianceshipmount',	151618,	'Traque-ciel de Hurlevent',	4,	245723),
(-76646,	'inv_argusfelstalkermount',	152790,	'Vil indomptable',	4,	243652),
(-76586,	'inv_shadowstalkerpanthermount',	147901,	'Cherchétoile lumineux',	4,	243512),
(-76533,	'inv_stormdragonmount2_fel',	153493,	'Dragon des tempêtes du gladiateur démoniaque',	4,	243201),
(-76427,	'inv_viciouswarfoxalliance',	152870,	'Renard de guerre vicieux',	4,	242896),
(-76426,	'inv_viciouswarfoxhorde',	152869,	'Renard de guerre vicieux',	4,	242897),
(-76424,	'inv_horse2green',	147804,	'Courserêve sauvage',	4,	242875),
(-76311,	'inv_argustalbukmount_felpurple',	152814,	'Foule-chaos affolé',	4,	253058),
(-75707,	'inv_ridingsilithid2',	0,	'Char de guerre qiraji noir',	1,	239770),
(-75706,	'inv_misc_qirajicrystal_04',	151626,	'Char de guerre qiraji bleu',	3,	239766),
(-75705,	'inv_misc_qirajicrystal_02',	151625,	'Char de guerre qiraji rouge',	3,	239767),
(-75637,	'inv_mount_hippogryph_arcane',	0,	'Hippogriffe spectral rapide',	1,	239363),
(-75585,	'inv_lightforgedmechsuit',	152788,	'Exossature sancteforge',	4,	239013),
(-75533,	'inv_warlockmountshadow',	142233,	'Destrier du courroux maudit de seigneur du Néant',	4,	238454),
(-75532,	'inv_warlockmountfire',	143637,	'Destrier du courroux sulfureux de seigneur du Néant',	4,	238452),
(-74900,	'inv_manaraymount_black',	152843,	'Raie de mana sombrespore',	4,	235764),
(-74480,	'inv_suramarflyingcarpet',	143764,	'Tapis volant tellurique',	4,	233364),
(-74321,	'inv_viciousdragonturtlemount',	143649,	'Tortue de guerre vicieuse',	4,	232525),
(-74320,	'inv_viciousdragonturtlemount',	143648,	'Tortue de guerre vicieuse',	4,	232523),
(-74315,	'inv_serpentmount_green',	143643,	'Ver abyssal',	4,	232519),
(-74314,	'inv_serpentmount_darkblue',	147835,	'Ver énigmatique de l’esprit',	4,	243025),
(-74298,	'inv_firecatmount',	143631,	'Sabre de feu primordial',	4,	232405),
(-74151,	'inv_paladinmount_yellow',	143505,	'Destrier valeureux de généralissime',	4,	231589),
(-74150,	'inv_paladinmount_purple',	143504,	'Destrier vigilant de généralissime',	4,	231588),
(-74149,	'inv_paladinmount_red',	143503,	'Destrier vengeur de généralissime',	4,	231587),
(-74148,	'inv_paladinmount_blue',	143502,	'Destrier doré de généralissime',	4,	231435),
(-74136,	'inv_roguemount_red',	143490,	'Présage cramoisi de lame-de-l’ombre',	4,	231525),
(-74135,	'inv_roguemount_purple',	143492,	'Présage mortel de lame-de-l’ombre',	4,	231523),
(-74134,	'inv_roguemount_green',	143491,	'Présage fatal de lame-de-l’ombre',	4,	231524),
(-74133,	'inv_roguemount_blue',	143493,	'Présage meurtrier de lame-de-l’ombre',	4,	231434),
(-74104,	'inv_nightbane2mount',	142552,	'Wyrm des braises incandescentes',	4,	231428),
(-74034,	'ability_mount_viciouskorkronannihilator',	142437,	'Scorpion de guerre vicieux',	4,	230988),
(-73991,	'inv_ability_mount_cockatricemount_white',	142369,	'Faucon-pérégrin ivoire',	4,	230401),
(-73817,	'inv_viciousgoldenking',	142237,	'Lion de guerre vicieux',	4,	229512),
(-73808,	'ability_mount_dreadsteed',	142236,	'Minuit',	4,	229499),
(-73806,	'inv_mount_vicioushordebearmount',	142235,	'Ours de guerre vicieux',	4,	229486),
(-73805,	'inv_mount_viciousalliancebearmount',	142234,	'Ours de guerre vicieux',	4,	229487),
(-73784,	'inv_monkmount',	142225,	'Ban Lu, compagnon de grand maître',	4,	229385),
(-73782,	'inv_huntermount_green',	142226,	'Loup-faucon féroce de maître chasseur',	4,	229438),
(-73781,	'inv_huntermount_blue',	142228,	'Loup-faucon terrible de maître chasseur',	4,	229439),
(-73770,	'inv_magemount',	0,	'Disque prismatique d’archimage',	1,	229376),
(-73321,	'inv_stormdragonmount2yellow',	141848,	'Dragon des tempêtes du gladiateur autoritaire',	4,	227995),
(-73320,	'inv_stormdragonmount2light',	141847,	'Dragon des tempêtes du gladiateur opiniâtre',	4,	227994),
(-73319,	'inv_stormdragonmount2green',	141846,	'Dragon des tempêtes du gladiateur féroce',	4,	227991),
(-73317,	'inv_stormdragonmount2dark',	141845,	'Dragon des tempêtes du gladiateur cruel',	4,	227989),
(-73316,	'inv_stormdragonmount2blue',	141844,	'Dragon des tempêtes du gladiateur intrépide',	4,	227988),
(-73315,	'inv_stormdragonmount2',	141843,	'Dragon des tempêtes du gladiateur vindicatif',	4,	227986),
(-73254,	'inv_stingray2mount',	142398,	'Raie des eaux sombres',	4,	228919),
(-73248,	'inv_basaliskmount',	142403,	'Basilic balèze de bastonneur',	4,	230844),
(-72700,	'inv_moosemount2nightmare',	141216,	'Profanateur du bosquet',	4,	193007),
(-72020,	'ability_mount_viciouswarelekk',	140350,	'Elekk de guerre vicieux',	4,	223578),
(-71975,	'ability_mount_vicioushawkstrider',	140348,	'Faucon de guerre vicieux',	4,	223363),
(-71939,	'inv_fishing_lure_starfish',	138201,	'Créature des grands fonds',	4,	223018),
(-71001,	'inv_horse2mount',	140228,	'Coursier de bronze prestigieux',	4,	222202),
(-71000,	'inv_horse2mountblack',	140407,	'Coursier de minuit prestigieux',	4,	222241),
(-70999,	'inv_horse2mountgreen',	140232,	'Coursier des forêts prestigieux',	4,	222237),
(-70998,	'inv_horse2mountlight',	140233,	'Coursier d’ivoire prestigieux',	4,	222238),
(-70997,	'inv_horse2mountpurple',	140230,	'Coursier royal prestigieux',	4,	222236),
(-70996,	'inv_horse2mountyellow',	140408,	'Coursier d’azur prestigieux',	4,	222240),
(-70874,	'inv_ghostlymoosemount',	131734,	'Esprit d’Eche’ro',	4,	196681),
(-70063,	'inv_falcosauroswhite',	137578,	'Chasseur de Neige-Plume',	4,	213163),
(-70062,	'inv_falcosaurosred',	137579,	'Bec-sinistre brillant',	4,	213164),
(-70061,	'inv_falcosaurosgreen',	137580,	'Serres-tranchantes viridien',	4,	213165),
(-70060,	'inv_falcosaurosblack',	137577,	'Scrutesang prédateur',	4,	213158),
(-70051,	'inv_infernalmountred',	137575,	'Infernal des Flammes infernales',	4,	171827),
(-70040,	'inv_infernalmount',	137574,	'Infernal du Brasier infernal',	4,	213134),
(-69276,	'inv_spidermount',	137570,	'Veuve croc-de-sang',	4,	213115),
(-68851,	'foxmounticon',	137573,	'Rôdeur de Llothien',	4,	171850),
(-68849,	'inv_fishmount',	138811,	'Saumefond benthique',	4,	214791),
(-68848,	'inv_turtlemount',	141713,	'Tortue de guerre d’Arcadie',	4,	227956),
(-68069,	'ability_mount_hordepvpmount',	143864,	'Loup de guerre prestigieux',	4,	204166),
(-68053,	'inv_stormdragonmount2',	147805,	'Aile-tempête valarjar',	4,	242882),
(-67594,	'inv_infinitedragonmount',	133543,	'Saccageur temporel infini',	4,	201098),
(-67042,	'inv_moosemount2white',	129962,	'Grand noble-bois du Nord',	4,	213339),
(-67039,	'inv_moosemount2',	147807,	'Noble-bois de Haut-Roc',	4,	242874),
(-65994,	'ability_hunter_pet_dragonhawk',	129923,	'Faucon-dragon éclipse',	4,	194464),
(-65845,	'spell_beastmaster_rylak',	0,	'Rylak spectral rapide',	1,	194046),
(-65760,	'inv_alliancepvpmount',	129280,	'Palefroi de guerre prestigieux',	4,	193695),
(-65040,	'spell_beastmaster_rylak',	128706,	'Terreur-du-ciel majestueuse',	4,	191633),
(-64960,	'inv_misc_pet_pandaren_yeti_grey',	128671,	'Serviteur de Grognus',	4,	191314),
(-64849,	'inv_giantboarmount_brown',	128527,	'Sanglier gangrené mort-défense',	3,	190977),
(-64726,	'inv_giantboarmount_brown',	128481,	'Sanglier infernal hirsute',	3,	190690),
(-64426,	'inv_lessergronnmount_red',	128311,	'Gronnlin poing-de-charbon',	4,	189364),
(-64378,	'inv_fellessergronnmount_pale',	128281,	'Gronnlin gangresang du gladiateur farouche',	4,	189043),
(-64377,	'inv_fellessergronnmount_dark',	128282,	'Gronnlin gangresang du gladiateur belliqueux',	4,	189044),
(-63956,	'inv_fellessergronnmount',	128277,	'Gronnlin gangresang du gladiateur primordial',	4,	186828),
(-63873,	'inv_wolfdraenor_felmount',	127140,	'Loup redoutable infernal',	4,	186305),
(-63628,	'inv_hippogryph2azsuna',	147806,	'Hippogriffe nuelle',	4,	242881),
(-63625,	'inv_mount_hippogryph_arcane',	141217,	'Hippogriffe à plumes telluriques',	4,	225765),
(-63580,	'ability_mount_viciouswarkodo',	124540,	'Kodo de guerre vicieux',	4,	185052),
(-63249,	'ability_mount_viciouswarmechanostrider',	124089,	'Mécanotrotteur de guerre vicieux',	4,	183889),
(-63032,	'inv_feldreadravenmount',	123974,	'Aile de l’effroi corrompue',	4,	183117),
(-62893,	'ability_mount_felreavermount',	123890,	'Annihilateur en gangracier',	4,	182912),
(-61804,	'inv_misc_key_06',	120968,	'Bécane de mekgénieur avec chauffeur',	7,	179245),
(-61803,	'inv_misc_key_06',	0,	'Mécabécane avec chauffeur',	1,	179244),
(-60578,	'inv_lessergronnmount_red',	116792,	'Gronnlin peau-solaire',	4,	171849),
(-60577,	'inv_misc_pet_pandaren_yeti',	116791,	'Yéti de guerre du prétendant',	3,	171848),
(-60574,	'ability_mount_mountainram',	116777,	'Bélier de guerre vicieux',	4,	171834),
(-60208,	'inv_chopper_horde',	116788,	'Mort-sur-roues de seigneur de guerre',	4,	171845),
(-59837,	'inv_ironhordeclefthoof',	116660,	'Destructeur sabot-de-fer',	4,	171621),
(-59762,	'inv_wolfdraenormountbrown',	108883,	'Loup redoutable crin-de-poussière',	4,	171844),
(-59760,	'inv_wolfdraenormountred',	116786,	'Loup redoutable anthracite',	3,	171843),
(-59759,	'inv_wolfdraenormountfrost',	116785,	'Loup-de-givre rapide',	4,	171842),
(-59756,	'inv_wolfdraenormountshadow',	116779,	'Garn gueule-d’acier',	3,	171836),
(-59754,	'inv_wolfdraenormountred',	116782,	'Loup de guerre flanc-de-fer',	3,	171839),
(-59753,	'inv_wolfdraenormountfrost',	116781,	'Loup de givre cuirassé',	3,	171838),
(-59752,	'inv_wolfdraenormountbrown',	116780,	'Morne-croc chanteguerre',	3,	171837),
(-59751,	'inv_helm_suncrown_d_01',	116771,	'Faucon des flèches solaire',	4,	171828),
(-59746,	'inv_hippo_green',	116769,	'Potamodonte dos-de-boue',	3,	171826),
(-59745,	'inv_hippo_green',	116768,	'Bourbefleuve poil-moussu',	3,	171825),
(-59744,	'inv_hippo_green',	116767,	'Potamodonte saphir',	4,	171824),
(-59739,	'inv_giantboarmount_brown',	116671,	'Broche-tripes sauvage',	3,	171633),
(-59737,	'inv_giantboarmount_brown',	116673,	'Groin-froid géant',	3,	171635),
(-59736,	'inv_giantboarmount_brown',	116674,	'Grand grisebroche',	4,	171636),
(-59735,	'inv_giantboarmount_brown',	116675,	'Brochepierre apprivoisé',	3,	171637),
(-59367,	'inv_talbukdraenor_white',	116776,	'Broutépine pâle',	3,	171833),
(-59366,	'ability_mount_talbukdraenormount',	116775,	'Etalon trotte-brise',	3,	171832),
(-59365,	'ability_mount_talbukdraenormount',	116774,	'Pelargent apprivoisé',	3,	171831),
(-59363,	'ability_mount_talbukdraenormount',	116772,	'Destrier crin-d’ombre',	3,	171829),
(-59349,	'inv_giantboarmount_brown',	116666,	'Sanglier de guerre en noiracier',	3,	171627),
(-59348,	'inv_giantboarmount_brown',	116667,	'Sanglier de guerre brochepierre',	3,	171628),
(-59347,	'inv_giantboarmount_brown',	116668,	'Huregivre cuirassé',	3,	171629),
(-59346,	'inv_giantboarmount_brown',	116669,	'Tranchedos cuirassé',	3,	171630),
(-59344,	'inv_giantboarmount_brown',	116670,	'Sanglier de guerre des plaines givrées',	3,	171632),
(-59343,	'inv_ironhordeelekk',	116665,	'Défense-de-fer cuirassé',	3,	171626),
(-59342,	'ability_mount_elekkdraenormount',	116664,	'Rochecuir poussiéreux',	3,	171625),
(-59324,	'inv_clefthoofdraenormount_blue',	116658,	'Sabot-glacé de la toundra',	3,	171619),
(-59323,	'inv_clefthoofdraenormount_blue',	116659,	'Étalon sabot-de-sang',	4,	171620),
(-59321,	'inv_clefthoofdraenormount_blue',	116655,	'Foule-falaise peau-fripée',	3,	171616),
(-59320,	'inv_clefthoofdraenormount_blue',	116656,	'Sabot-glacé apprivoisé',	3,	171617),
(-51482,	'ability_mount_hordepvpmount',	104246,	'Loup de guerre kor’kron',	4,	148396),
(-46686,	'ability_mount_shreddermount',	95416,	'Golem céleste',	4,	134359),
(284,	'ability_mount_ridinghorse',	5656,	'Cheval bai',	3,	458),
(304,	'spell_nature_swiftness',	0,	'Palefroi corrompu',	1,	5784),
(305,	'ability_mount_ridinghorse',	12353,	'Etalon blanc',	4,	16083),
(306,	'ability_mount_ridinghorse',	12354,	'Palomino',	4,	16082),
(307,	'ability_mount_ridinghorse',	2414,	'Pinto',	3,	472),
(308,	'ability_mount_ridinghorse',	2411,	'Etalon noir',	3,	470),
(356,	'ability_mount_blackdirewolf',	46099,	'Loup noir',	3,	64658),
(358,	'ability_mount_blackdirewolf',	1132,	'Loup des bois',	3,	580),
(359,	'ability_mount_whitedirewolf',	12351,	'Loup arctique',	4,	16081),
(3068,	'ability_hunter_pet_tallstrider',	72146,	'Inséparable rapide',	4,	102350),
(4268,	'ability_mount_whitedirewolf',	0,	'Loup gris',	1,	459),
(4269,	'ability_mount_ridinghorse',	5655,	'Jument alezane',	3,	6648),
(4270,	'ability_mount_blackdirewolf',	0,	'Loup roux',	1,	16080),
(4271,	'ability_mount_whitedirewolf',	5665,	'Loup redoutable',	3,	6653),
(4272,	'ability_mount_blackdirewolf',	5668,	'Loup brun',	3,	6654),
(4710,	'ability_mount_mountainram',	5864,	'Bélier gris',	3,	6777),
(4777,	'ability_mount_mountainram',	5873,	'Bélier blanc',	3,	6898),
(4778,	'ability_mount_mountainram',	13329,	'Bélier de givre',	4,	17460),
(4779,	'ability_mount_mountainram',	5872,	'Bélier brun',	3,	6899),
(4780,	'ability_mount_mountainram',	13328,	'Bélier noir',	4,	17461),
(5521,	'ability_hunter_pet_tallstrider',	72140,	'Trotteur des forêts rapide',	4,	102346),
(6074,	'ability_mount_whitetiger',	8631,	'Sabre-de-givre rayé',	3,	8394),
(6075,	'ability_mount_raptor',	8588,	'Raptor émeraude',	3,	8395),
(6486,	'ability_mount_undeadhorse',	0,	'Cheval squelette',	1,	8980),
(7322,	'ability_mount_blackpanther',	12303,	'Sabre-de-nuit noir',	4,	16055),
(7687,	'ability_mount_whitetiger',	8632,	'Sabre-de-givre tacheté',	3,	10789),
(7690,	'ability_mount_blackpanther',	8629,	'Sabre-de-nuit rayé',	3,	10793),
(7704,	'ability_mount_raptor',	0,	'Raptor rouge tacheté',	1,	16084),
(7706,	'ability_mount_raptor',	0,	'Raptor ivoire',	1,	17450),
(7707,	'ability_mount_raptor',	8591,	'Raptor turquoise',	3,	10796),
(7708,	'ability_mount_raptor',	8592,	'Raptor violet',	3,	10799),
(7739,	'ability_mount_mechastrider',	8563,	'Mécanotrotteur rouge',	3,	10873),
(7749,	'ability_mount_mechastrider',	8595,	'Mécanotrotteur bleu',	3,	10969),
(9158,	'spell_nature_swiftness',	0,	'Cheval de guerre',	1,	13819),
(10178,	'ability_mount_mechastrider',	0,	'Mécanotrotteur vert',	1,	15780),
(10179,	'ability_mount_mechastrider',	13326,	'Mécanotrotteur blanc modèle B',	4,	15779),
(10180,	'ability_mount_mechastrider',	13322,	'Mécanotrotteur brut',	3,	17454),
(10322,	'ability_mount_whitetiger',	12302,	'Ancien sabre-de-givre',	4,	16056),
(11021,	'ability_mount_pinktiger',	13086,	'Sabre-de-givre de Berceau-de-l’Hiver',	4,	17229),
(11147,	'ability_mount_mechastrider',	13321,	'Mécanotrotteur vert',	3,	17453),
(11150,	'ability_mount_mechastrider',	13327,	'Mécanotrotteur bleu clair modèle A',	4,	17459),
(11153,	'ability_mount_undeadhorse',	13331,	'Cheval squelette rouge',	3,	17462),
(11154,	'ability_mount_undeadhorse',	13332,	'Cheval squelette bleu',	3,	17463),
(11155,	'ability_mount_undeadhorse',	13333,	'Cheval squelette bai',	3,	17464),
(11156,	'ability_mount_undeadhorse',	13334,	'Cheval de guerre squelette vert',	4,	17465),
(11195,	'ability_mount_undeadhorse',	13335,	'Destrier de la mort de Vaillefendre',	4,	17481),
(11689,	'ability_mount_kodo_03',	15290,	'Kodo brun',	3,	18990),
(12147,	'ability_mount_kodo_01',	46100,	'Kodo blanc',	3,	64657),
(12148,	'ability_mount_kodo_02',	0,	'Kodo bleu',	1,	18992),
(12149,	'ability_mount_kodo_01',	15277,	'Kodo gris',	3,	18989),
(12151,	'ability_mount_kodo_02',	0,	'Kodo vert',	1,	18991),
(14329,	'ability_mount_blackdirewolf',	29469,	'Loup de guerre noir',	4,	22724),
(14330,	'ability_mount_raptor',	29472,	'Raptor de guerre noir',	4,	22721),
(14331,	'ability_mount_undeadhorse',	29470,	'Cheval de guerre squelette rouge',	4,	22722),
(14332,	'ability_mount_nightmarehorse',	29468,	'Palefroi de guerre noir',	4,	22717),
(14333,	'ability_mount_kodo_01',	29466,	'Kodo de guerre noir',	4,	22718),
(14334,	'ability_mount_blackbattlestrider',	29465,	'Trotteur de bataille noir',	4,	22719),
(14335,	'ability_mount_mountainram',	29467,	'Bélier de guerre noir',	4,	22720),
(14336,	'ability_mount_blackpanther',	29471,	'Tigre de guerre noir',	4,	22723),
(14505,	'ability_mount_dreadsteed',	0,	'Destrier de l’effroi',	1,	23161),
(14539,	'ability_mount_whitedirewolf',	18797,	'Loup des bois rapide',	4,	23251),
(14540,	'ability_mount_blackdirewolf',	18796,	'Loup brun rapide',	4,	23250),
(14541,	'ability_mount_whitedirewolf',	18798,	'Loup gris rapide',	4,	23252),
(14542,	'ability_mount_kodo_01',	18793,	'Grand kodo blanc',	4,	23247),
(14543,	'ability_mount_raptor',	18789,	'Raptor vert olive rapide',	4,	23242),
(14544,	'ability_mount_raptor',	18790,	'Raptor orange rapide',	4,	23243),
(14545,	'ability_mount_raptor',	18788,	'Raptor bleu rapide',	4,	23241),
(14546,	'ability_mount_mountainram',	18786,	'Bélier brun rapide',	4,	23238),
(14547,	'ability_mount_mountainram',	18785,	'Bélier blanc rapide',	4,	23240),
(14548,	'ability_mount_mountainram',	18787,	'Bélier gris rapide',	4,	23239),
(14549,	'ability_mount_kodo_03',	18794,	'Grand kodo brun',	4,	23249),
(14550,	'ability_mount_kodo_01',	18795,	'Grand kodo gris',	4,	23248),
(14551,	'ability_mount_mechastrider',	18774,	'Mécanotrotteur jaune rapide',	4,	23222),
(14552,	'ability_mount_mechastrider',	18773,	'Mécanotrotteur blanc rapide',	4,	23223),
(14553,	'ability_mount_mechastrider',	18772,	'Mécanotrotteur vert rapide',	4,	23225),
(14555,	'ability_mount_blackpanther',	18767,	'Sabre-de-brume rapide',	4,	23219),
(14556,	'ability_mount_whitetiger',	18766,	'Sabre-de-givre rapide',	4,	23221),
(14558,	'ability_mount_undeadhorse',	18791,	'Cheval de guerre squelette violet',	4,	23246),
(14559,	'ability_mount_ridinghorse',	18776,	'Palomino rapide',	4,	23227),
(14560,	'ability_mount_ridinghorse',	18778,	'Palefroi blanc rapide',	4,	23228),
(14561,	'ability_mount_ridinghorse',	18777,	'Palefroi bai rapide',	4,	23229),
(14563,	'ability_mount_mechastrider',	46763,	'Turbotrotteur',	4,	65642),
(14565,	'ability_mount_charger',	0,	'Destrier',	1,	23214),
(14602,	'ability_mount_blackpanther',	18902,	'Sabre-tempête rapide',	4,	23338),
(14744,	'ability_mount_whitedirewolf',	19029,	'Hurleur loup-de-givre',	4,	23509),
(14745,	'ability_mount_mountainram',	19030,	'Destrier de bataille foudrepique',	4,	23510),
(15090,	'ability_mount_raptor',	19872,	'Raptor razzashi rapide',	4,	24242),
(15104,	'ability_mount_jungletiger',	19902,	'Tigre zulien rapide',	4,	24252),
(15666,	'inv_misc_qirajicrystal_04',	21218,	'Char d’assaut qiraji bleu',	3,	25953),
(15711,	'inv_misc_qirajicrystal_05',	21176,	'Char d’assaut qiraji noir',	5,	26656),
(15714,	'inv_misc_qirajicrystal_01',	21324,	'Char d’assaut qiraji jaune',	3,	26055),
(15715,	'inv_misc_qirajicrystal_03',	21323,	'Char d’assaut qiraji vert',	3,	26056),
(15716,	'inv_misc_qirajicrystal_02',	21321,	'Char d’assaut qiraji rouge',	3,	26054),
(16509,	'ability_mount_ridinghorse',	47180,	'Cheval de guerre d’Argent',	4,	67466),
(16510,	'ability_mount_charger',	47179,	'Destrier d’Argent',	4,	66906),
(16597,	'ability_mount_netherdrakepurple',	0,	'Drake du Néant',	1,	28828),
(17266,	'ability_hunter_pet_turtle',	23720,	'Tortue de monte',	4,	30174),
(17530,	'ability_mount_ridingelekk',	28481,	'Elekk brun',	3,	34406),
(18357,	'ability_mount_ebongryphon',	25471,	'Griffon d’ébène',	3,	32239),
(18359,	'ability_mount_snowygryphon',	25472,	'Griffon neigeux',	3,	32240),
(18360,	'ability_mount_goldengryphon',	25470,	'Griffon doré',	3,	32235),
(18361,	'ability_mount_gryphon_01',	25473,	'Griffon bleu rapide',	4,	32242),
(18362,	'ability_mount_gryphon_01',	25529,	'Griffon violet rapide',	4,	32292),
(18363,	'ability_mount_tawnywindrider',	25474,	'Coursier du vent fauve',	3,	32243),
(18364,	'ability_mount_bluewindrider',	25475,	'Coursier du vent bleu',	3,	32244),
(18365,	'ability_mount_greenwindrider',	25476,	'Coursier du vent vert',	3,	32245),
(18375,	'ability_mount_gryphon_01',	25528,	'Griffon vert rapide',	4,	32290),
(18376,	'ability_mount_gryphon_01',	25527,	'Griffon rouge rapide',	4,	32289),
(18377,	'ability_mount_swiftredwindrider',	25477,	'Coursier du vent rouge rapide',	4,	32246),
(18378,	'ability_mount_swiftgreenwindrider',	25531,	'Coursier du vent vert rapide',	4,	32295),
(18379,	'ability_mount_swiftpurplewindrider',	25533,	'Coursier du vent violet rapide',	4,	32297),
(18380,	'ability_mount_swiftyellowwindrider',	25532,	'Coursier du vent jaune rapide',	4,	32296),
(18545,	'inv_misc_summerfest_brazierorange',	32458,	'Cendres d’Al’ar',	4,	40192),
(19280,	'ability_mount_cockatricemount',	28927,	'Faucon-pérégrin rouge',	3,	34795),
(19281,	'ability_mount_cockatricemountelite',	28936,	'Faucon-pérégrin rose rapide',	4,	33660),
(20029,	'spell_nature_swiftness',	0,	'Cheval de guerre thalassien',	1,	34769),
(20030,	'ability_mount_charger',	0,	'Destrier thalassien',	1,	34767),
(20072,	'inv_misc_foot_centaur',	29102,	'Talbuk de guerre cobalt',	4,	34896),
(20149,	'inv_misc_foot_centaur',	29228,	'Talbuk de guerre sombre',	4,	34790),
(20150,	'inv_misc_foot_centaur',	29105,	'Talbuk de guerre brun',	4,	34899),
(20151,	'inv_misc_foot_centaur',	29103,	'Talbuk de guerre blanc',	4,	34897),
(20152,	'inv_misc_foot_centaur',	29104,	'Talbuk de guerre argenté',	4,	34898),
(20217,	'ability_mount_cockatricemount_purple',	29222,	'Faucon-pérégrin violet',	3,	35018),
(20220,	'ability_mount_cockatricemount_blue',	29220,	'Faucon-pérégrin bleu',	3,	35020),
(20222,	'ability_mount_cockatricemount_black',	29221,	'Faucon-pérégrin noir',	3,	35022),
(20223,	'ability_mount_cockatricemountelite_purple',	29224,	'Faucon-pérégrin violet rapide',	4,	35027),
(20224,	'ability_mount_cockatricemountelite_green',	29223,	'Faucon-pérégrin vert rapide',	4,	35025),
(20225,	'ability_mount_cockatricemountelite_black',	34129,	'Faucon de guerre rapide',	4,	35028),
(20414,	'inv_misc_elitewyvernarmored',	93169,	'Grande wyverne cuirassée',	4,	135418),
(20846,	'ability_mount_ridingelekk_grey',	29744,	'Elekk gris',	3,	35710),
(20847,	'ability_mount_ridingelekk_purple',	29743,	'Elekk violet',	3,	35711),
(20848,	'ability_mount_ridingelekkelite_blue',	29745,	'Grand elekk bleu',	4,	35713),
(20849,	'ability_mount_ridingelekkelite_green',	29746,	'Grand elekk vert',	4,	35712),
(20850,	'ability_mount_ridingelekkelite_purple',	29747,	'Grand elekk violet',	4,	35714),
(21354,	'ability_mount_dreadsteed',	30480,	'Cheval de guerre embrasé',	4,	36702),
(21510,	'ability_mount_netherdrakeelite',	30609,	'Drake du Néant rapide',	4,	37015),
(22510,	'inv_misc_foot_centaur',	31830,	'Talbuk de monte cobalt',	4,	39315),
(22511,	'inv_misc_foot_centaur',	28915,	'Talbuk de monte sombre',	4,	39316),
(22512,	'inv_misc_foot_centaur',	31832,	'Talbuk de monte argenté',	4,	39317),
(22513,	'inv_misc_foot_centaur',	31833,	'Talbuk de monte brun',	4,	39318),
(22514,	'inv_misc_foot_centaur',	31835,	'Talbuk de monte blanc',	4,	39319),
(22958,	'ability_hunter_pet_netherray',	32314,	'Raie du Néant verte',	4,	39798),
(22969,	'ability_mount_cockatricemountelite_white',	35513,	'Faucon-pérégrin blanc rapide',	4,	46628),
(22975,	'ability_hunter_pet_netherray',	32316,	'Raie du Néant violette',	4,	39801),
(22976,	'ability_hunter_pet_netherray',	32317,	'Raie du Néant rouge',	4,	39800),
(22977,	'ability_hunter_pet_netherray',	32318,	'Raie du Néant argentée',	4,	39802),
(22978,	'ability_hunter_pet_netherray',	32319,	'Raie du Néant bleue',	4,	39803),
(23408,	'inv-mount_raven_54',	32768,	'Seigneur corbeau',	4,	41252),
(23455,	'ability_mount_netherdrakepurple',	32857,	'Drake de l’Aile-du-Néant onyx',	4,	41513),
(23456,	'ability_mount_netherdrakepurple',	32858,	'Drake de l’Aile-du-Néant azur',	4,	41514),
(23457,	'ability_mount_netherdrakepurple',	32861,	'Drake de l’Aile-du-Néant viride',	4,	41517),
(23458,	'ability_mount_netherdrakepurple',	32860,	'Drake de l’Aile-du-Néant violet',	4,	41516),
(23459,	'ability_mount_netherdrakepurple',	32862,	'Drake de l’Aile-du-Néant pourpre',	4,	41518),
(23460,	'ability_mount_netherdrakepurple',	32859,	'Drake de l’Aile-du-Néant cobalt',	4,	41515),
(23588,	'ability_mount_mountainram',	33976,	'Bélier de la fête des Brasseurs',	3,	43899),
(24003,	'ability_mount_spectraltiger',	49283,	'Tigre spectral',	3,	42776),
(24004,	'ability_mount_spectraltiger',	49284,	'Tigre spectral rapide',	4,	42777),
(24368,	'ability_mount_mountainram',	33977,	'Bélier rapide de la fête des Brasseurs',	4,	43900),
(24379,	'ability_druid_challangingroar',	33809,	'Ours de guerre amani',	4,	43688),
(24418,	'ability_mount_gyrocoptor',	34060,	'Machine volante',	3,	44153),
(24487,	'ability_mount_warhippogryph',	45725,	'Hippogriffe d’Argent',	4,	63844),
(24488,	'ability_mount_warhippogryph',	33999,	'Hippogriffe de guerre cénarien',	4,	43927),
(24489,	'ability_mount_warhippogryph',	46813,	'Hippogriffe du Concordat argenté',	4,	66087),
(24654,	'ability_mount_gyrocoptorelite',	34061,	'Machine volante à turbo-injection',	4,	44151),
(24743,	'ability_mount_netherdrakeelite',	34092,	'Drake du Néant impitoyable',	4,	44744),
(25064,	'ability_hunter_pet_dragonhawk',	0,	'Faucon-dragon de monte noir',	1,	62048),
(25460,	'ability_mount_flyingcarpet',	44554,	'Tapis volant',	3,	61451),
(26164,	'inv_misc_missilesmall_red',	49286,	'Fusée-de-néant X-51 X-TREME',	4,	46199),
(26192,	'inv_misc_missilesmall_blue',	49285,	'Fusée-de-néant X-51',	3,	46197),
(26439,	'ability_mount_ridingelekkelite_blue',	35906,	'Elekk de guerre noir',	4,	48027),
(26585,	'spell_deathknight_summondeathcharger',	52200,	'Destrier de la mort cramoisi',	4,	73313),
(26931,	'spell_deathknight_summondeathcharger',	0,	'Destrier de la mort d’Achérus',	1,	48778),
(27152,	'ability_mount_nightmarehorse',	37012,	'Monture du Cavalier sans tête',	4,	48025),
(27258,	'ability_mount_gryphon_01',	44689,	'Griffon neigeux cuirassé',	4,	61229),
(27541,	'ability_mount_charger',	37598,	'Zhévra rapide',	4,	48954),
(27637,	'ability_mount_netherdrakeelite',	37676,	'Drake du Néant vengeur',	4,	49193),
(27684,	'ability_mount_charger',	37719,	'Zhévra rapide',	4,	49322),
(27706,	'ability_mount_kotobrewfest',	0,	'Kodo de monte de la fête des Brasseurs',	1,	49378),
(27707,	'ability_mount_kotobrewfest',	37828,	'Grand kodo de la fête des Brasseurs',	4,	49379),
(28363,	'ability_druid_challangingroar',	49282,	'Grand ours de bataille',	4,	51412),
(28531,	'ability_mount_redfrostwyrm_01',	46708,	'Wyrm de givre du gladiateur fatal',	4,	64927),
(28864,	'ability_mount_ebonblade',	40775,	'Palefroi ailé de la Lame d’ébène',	4,	54729),
(29045,	'inv_misc_key_14',	41508,	'Mécabécane',	4,	55531),
(29046,	'inv_misc_key_14',	44413,	'Bécane de mekgénieur',	4,	60424),
(29596,	'ability_mount_polarbear_white',	43962,	'Ours polaire blanc',	4,	54753),
(29767,	'ability_mount_gryphon_01',	0,	'Griffon spectral rapide',	1,	55164),
(30161,	'ability_mount_drake_red',	43955,	'Drake rouge',	4,	59570),
(31124,	'ability_mount_netherdrakeelite',	43516,	'Drake du Néant brutal',	4,	58615),
(31239,	'ability_hunter_pet_dragonhawk',	44843,	'Faucon-dragon bleu',	4,	61996),
(31319,	'ability_mount_bigblizzardbear',	43599,	'Grand ours du Blizzard',	3,	58983),
(31694,	'ability_mount_drake_azure',	43952,	'Drake azur',	4,	59567),
(31695,	'ability_mount_drake_azure',	43953,	'Drake bleu',	4,	59568),
(31698,	'ability_mount_drake_twilight',	43954,	'Drake du Crépuscule',	4,	59571),
(31699,	'ability_mount_polarbear_black',	0,	'Ours polaire noir',	1,	59572),
(31717,	'ability_mount_drake_bronze',	43951,	'Drake bronze',	4,	59569),
(31778,	'ability_mount_drake_twilight',	43986,	'Drake noir',	4,	59650),
(31849,	'ability_mount_mammoth_black',	43956,	'Mammouth de guerre noir',	4,	59785),
(31850,	'ability_mount_mammoth_black',	44077,	'Mammouth de guerre noir',	4,	59788),
(31851,	'ability_mount_mammoth_brown',	44230,	'Mammouth laineux',	4,	59791),
(31852,	'ability_mount_mammoth_brown',	44231,	'Mammouth laineux',	4,	59793),
(31854,	'ability_mount_mammoth_white',	44080,	'Mammouth des glaces',	4,	59797),
(31855,	'ability_mount_mammoth_white',	43958,	'Mammouth des glaces',	4,	59799),
(31857,	'ability_mount_mammoth_white_3seater',	44086,	'Grand mammouth des glaces',	4,	61469),
(31858,	'ability_mount_mammoth_white_3seater',	43961,	'Grand mammouth des glaces',	4,	61470),
(31861,	'ability_mount_mammoth_black_3seater',	44083,	'Grand mammouth de guerre noir',	4,	61467),
(31862,	'ability_mount_mammoth_black_3seater',	43959,	'Grand mammouth de guerre noir',	4,	61465),
(31902,	'ability_mount_drake_proto',	44160,	'Proto-drake rouge',	4,	59961),
(31912,	'ability_mount_drake_proto',	44164,	'Proto-drake noir',	4,	59976),
(32151,	'ability_mount_drake_proto',	44151,	'Proto-drake bleu',	4,	59996),
(32153,	'ability_mount_drake_proto',	44168,	'Proto-drake perdu dans le temps',	4,	60002),
(32156,	'ability_mount_drake_proto',	44175,	'Proto-drake pestiféré',	4,	60021),
(32157,	'ability_mount_drake_proto',	44177,	'Proto-drake pourpre',	4,	60024),
(32158,	'ability_mount_drake_blue',	44178,	'Drake albinos',	4,	60025),
(32203,	'ability_mount_polarbear_black',	44223,	'Ours de guerre noir',	4,	60118),
(32205,	'ability_mount_polarbear_black',	44224,	'Ours de guerre noir',	4,	60119),
(32206,	'ability_mount_polarbear_brown',	44225,	'Ours brun cuirassé',	4,	60114),
(32207,	'ability_mount_polarbear_brown',	44226,	'Ours brun cuirassé',	4,	60116),
(32212,	'ability_mount_mammoth_brown_3seater',	44235,	'Mammouth de voyage de la toundra',	4,	61425),
(32213,	'ability_mount_mammoth_brown_3seater',	44234,	'Mammouth de voyage de la toundra',	4,	61447),
(32336,	'ability_mount_swiftpurplewindrider',	44690,	'Coursier du vent bleu cuirassé',	4,	61230),
(32562,	'ability_mount_drake_proto',	44707,	'Proto-drake vert',	4,	61294),
(32634,	'ability_mount_frostyflyingcarpet',	54797,	'Tapis volant givré',	4,	75596),
(32944,	'ability_hunter_pet_dragonhawk',	44842,	'Faucon-dragon rouge',	4,	61997),
(33030,	'ability_mount_magnificentflyingcarpet',	44558,	'Tapis volant magnifique',	4,	61309),
(33217,	'ability_mount_ridinghorse',	45125,	'Palefroi de Hurlevent',	4,	63232),
(33298,	'ability_mount_whitetiger',	45591,	'Sabre-de-nuit darnassien',	4,	63637),
(33299,	'ability_mount_raptor',	45593,	'Raptor sombrelance',	4,	63635),
(33300,	'ability_mount_kodo_01',	45592,	'Kodo des Pitons-du-Tonnerre',	4,	63641),
(33301,	'ability_mount_mechastrider',	45589,	'Mécanotrotteur de Gnomeregan',	4,	63638),
(33316,	'ability_mount_mountainram',	45586,	'Bélier de Forgefer',	4,	63636),
(33318,	'ability_mount_ridingelekkelite',	45590,	'Elekk de l’Exodar',	4,	63639),
(33319,	'ability_mount_whitetiger',	46759,	'Sabre-de-lune rapide',	4,	65638),
(33320,	'ability_mount_blackdirewolf',	45595,	'Loup d’Orgrimmar',	4,	63640),
(33323,	'ability_mount_cockatricemountelite_purple',	45596,	'Faucon-pérégrin de Lune-d’Argent',	4,	63642),
(33324,	'ability_mount_undeadhorse',	45597,	'Cheval de guerre des Réprouvés',	4,	63643),
(33415,	'ability_mount_ridingelekkelite',	46756,	'Grand elekk rouge',	4,	65637),
(33450,	'ability_mount_kodo_01',	46755,	'Grand kodo doré',	4,	65641),
(33840,	'ability_mount_ridinghorse',	46815,	'Palefroi quel’dorei',	4,	66090),
(33841,	'ability_mount_cockatricemountelite_purple',	46816,	'Faucon-pérégrin saccage-soleil',	4,	66091),
(33848,	'inv_misc_enggizmos_03',	45693,	'Tête de Mimiron',	4,	63796),
(33892,	'ability_mount_razorscale',	45801,	'Proto-drake bardé de fer',	4,	63956),
(33904,	'ability_mount_razorscale',	45802,	'Proto-drake rouillé',	4,	63963),
(34017,	'ability_mount_ridinghorse',	46758,	'Palefroi gris rapide',	4,	65640),
(34156,	'ability_mount_raptor',	46102,	'Ravasaure peau-de-venin',	4,	64659),
(34187,	'inv_misc_fish_turtle_02',	46109,	'Tortue de mer',	3,	64731),
(34238,	'ability_mount_undeadhorse',	46308,	'Cheval squelette noir',	3,	64977),
(34425,	'ability_mount_redfrostwyrm_01',	46171,	'Wyrm de givre du gladiateur furieux',	4,	65439),
(34549,	'ability_mount_raptor',	46760,	'Raptor violet rapide',	4,	65644),
(34552,	'ability_mount_undeadhorse',	46764,	'Cheval de guerre squelette blanc',	4,	65645),
(34554,	'ability_mount_mountainram',	46762,	'Bélier pourpre rapide',	4,	65643),
(34555,	'ability_mount_blackdirewolf',	46757,	'Loup bordeaux rapide',	4,	65646),
(34556,	'ability_mount_cockatricemountelite_purple',	46761,	'Faucon-pérégrin rouge rapide',	4,	65639),
(34655,	'inv_egg_03',	49290,	'Poulet magique',	4,	65917),
(34731,	'spell_magic_polymorphchicken',	0,	'Poulet magique',	1,	66123),
(34732,	'spell_magic_polymorphchicken',	0,	'Poulet magique',	1,	66124),
(35148,	'ability_hunter_pet_dragonhawk',	46814,	'Faucon-dragon saccage-soleil',	4,	66088),
(35168,	'ability_mount_whitetiger',	47100,	'Sabre-de-l’aube rayé',	3,	66847),
(35169,	'ability_mount_undeadhorse',	47101,	'Cheval de guerre squelette ocre',	4,	66846),
(35362,	'ability_mount_redfrostwyrm_01',	47840,	'Wyrm de givre du gladiateur implacable',	4,	67336),
(35637,	'ability_mount_ridinghorse',	49044,	'Palefroi rapide de l’Alliance',	4,	68057),
(35809,	'ability_mount_blackdirewolf',	49046,	'Loup rapide de la Horde',	4,	68056),
(35876,	'ability_mount_ridinghorse',	49096,	'Cheval de guerre blanc de croisé',	4,	68187),
(35878,	'ability_mount_nightmarehorse',	49098,	'Cheval de guerre noir de croisé',	4,	68188),
(36837,	'achievement_boss_onyxia',	49636,	'Drake onyxien',	4,	69395),
(36883,	'ability_mount_kodo_03',	0,	'Kodo marche-soleil',	1,	69820),
(37059,	'ability_mount_kodosunwalkerelite',	0,	'Grand kodo marche-soleil',	1,	69826),
(38204,	'inv_valentinepinkrocket',	50250,	'Grande fusée d’amour',	4,	71342),
(38260,	'ability_mount_pegasus',	50818,	'Invincible',	4,	72286),
(38361,	'ability_mount_redfrostwyrm_01',	50435,	'Wyrm de givre du gladiateur courroucé',	4,	71810),
(38695,	'ability_mount_redfrostwyrm_01',	51955,	'Vainqueur couvegivre lié aux glaces',	4,	72807),
(38778,	'ability_mount_redfrostwyrm_01',	51954,	'Vainqueur couvegivre baigné de sang',	4,	72808),
(38987,	'ability_mount_raptor',	68823,	'Raptor razzashi cuirassé',	4,	96491),
(39208,	'spell_nature_swiftness',	0,	'Elekk d’exarque',	1,	73629),
(39209,	'ability_mount_charger',	0,	'Elekk de grand exarque',	1,	73630),
(39676,	'ability_mount_warhippogryph',	138258,	'Hippogriffe oublié depuis longtemps',	4,	215159),
(40025,	'ability_mount_drake_blue',	118676,	'Drake émeraude',	4,	175700),
(40054,	'ability_mount_seahorse',	54465,	'Hippocampe de Vashj’ir',	3,	75207),
(40165,	'ability_mount_warhippogryph',	54069,	'Hippogriffe flamboyant',	4,	74856),
(40191,	'ability_hunter_pet_rhino',	54068,	'Rhinocéros laineux blanc',	4,	74918),
(40625,	'ability_mount_celestialhorse',	54811,	'Palefroi céleste',	4,	75614),
(40725,	'ability_mount_rocketmount2',	54860,	'Fusée de tourisme X-53',	4,	75973),
(45338,	'ability_mount_fossilizedraptor',	60954,	'Raptor fossilisé',	4,	84751),
(46754,	'inv_misc_key_03',	62461,	'Triklomoteur gobelin',	3,	87090),
(46755,	'inv_misc_key_04',	62462,	'Triklomoteur turbo gobelin',	4,	87091),
(47352,	'inv_misc_stonedragonred',	62900,	'Drake de pierre volcanique',	4,	88331),
(47353,	'inv_misc_stormdragonred',	62901,	'Drake du vent d’Est',	4,	88335),
(47631,	'inv_misc_stonedragonpurple',	63042,	'Drake de pierre phosphorescent',	4,	88718),
(47646,	'inv_misc_stormdragonpurple',	63041,	'Drake du vent du Sud',	4,	88744),
(47647,	'inv_misc_stormdragongreen',	63039,	'Drake du vent d’Ouest',	4,	88741),
(47648,	'inv_misc_stormdragonpale',	63040,	'Drake du vent du Nord',	4,	88742),
(47651,	'inv_misc_stonedragonblue',	63043,	'Drake de pierre vitrifiée',	4,	88746),
(47652,	'ability_mount_camel_brown',	63044,	'Dromadaire brun',	4,	88748),
(47653,	'ability_mount_camel_tan',	63045,	'Dromadaire fauve',	4,	88749),
(47654,	'ability_mount_camel_gray',	63046,	'Dromadaire gris',	4,	88750),
(47841,	'inv_mount_darkphoenixa',	63125,	'Phénix sombre',	4,	88990),
(48632,	'inv_mount_allianceliong',	62298,	'Roi doré',	4,	90621),
(49487,	'inv_mount_spectralhorse',	64998,	'Palefroi spectral',	4,	92231),
(49488,	'inv_mount_spectralwolf',	64999,	'Loup spectral',	4,	92232),
(50269,	'inv_misc_stonedragonorange',	65891,	'Drake de grès',	4,	93326),
(50467,	'ability_mount_drake_bronze',	68008,	'Drake tacheté',	4,	93623),
(51195,	'inv_mount_hordescorpiong',	67107,	'Annihilateur kor’kron',	4,	93644),
(52178,	'ability_mount_blackpanther',	68824,	'Panthère zulienne rapide',	4,	96499),
(52185,	'ability_hunter_pet_dragonhawk',	68825,	'Faucon-dragon amani',	4,	96503),
(52672,	'ability_mount_warhippogryph',	69213,	'Hippogriffe gardeflamme',	4,	97359),
(52748,	'inv_misc_orb_05',	69224,	'Faucon de feu sang-pur',	4,	97493),
(52756,	'inv_misc_summerfest_braziergreen',	69226,	'Faucon de gangrefeu',	4,	97501),
(52807,	'inv_misc_orb_04',	69230,	'Faucon de feu corrompu',	4,	97560),
(52813,	'ability_mount_raptor',	69228,	'Raptor sauvage',	4,	97581),
(53270,	'ability_mount_seahorse',	67151,	'Hippocampe assujetti',	4,	98718),
(53273,	'inv_mount_wingedlion',	69846,	'Gardien ailé',	4,	98727),
(53276,	'ability_druid_challangingroar',	69747,	'Ours de bataille amani',	4,	98204),
(53885,	'ability_mount_alliancepvpmount',	70909,	'Palefroi de guerre vicieux',	4,	100332),
(53985,	'ability_mount_hordepvpmount',	70910,	'Loup de guerre vicieux',	4,	100333),
(54335,	'ability_mount_drake_twilight',	71339,	'Drake du Crépuscule du gladiateur vicieux',	4,	101282),
(54395,	'ability_mount_fireravengodmount',	71665,	'Serres-de-Flammes d’Alysrazor',	4,	101542),
(54423,	'ability_hunter_pet_tallstrider',	71718,	'Trotteur du rivage rapide',	4,	101573),
(54498,	'ability_mount_drake_twilight',	71954,	'Drake du Crépuscule du gladiateur sans pitié',	4,	101821),
(54741,	'ability_hunter_pet_tallstrider',	72145,	'Trotteur printanier rapide',	4,	102349),
(54879,	'ability_mount_camel_gray',	72575,	'Dromadaire blanc',	4,	102488),
(54903,	'ability_mount_warhippogryph',	72582,	'Hippogriffe corrompu',	4,	102514),
(55188,	'ability_hunter_pet_bear',	73766,	'Ours dansant de Sombrelune',	4,	103081),
(55272,	'ability_mount_ridinghorse',	73838,	'Cheval des montagnes',	3,	103195),
(55273,	'ability_mount_ridinghorse',	73839,	'Cheval des montagnes rapide',	4,	103196),
(55829,	'ability_mount_drake_twilight',	78919,	'Expérience 12-B',	4,	110039),
(56921,	'ability_mount_tyraelmount',	76755,	'Destrier de Tyraël',	4,	107203),
(57156,	'ability_mount_spectralgryphon',	76889,	'Griffon spectral',	4,	107516),
(57157,	'ability_mount_spectralwyvern',	76902,	'Coursier du vent spectral',	4,	107517),
(57226,	'ability_mount_drake_red',	77067,	'Drake flamboyant',	4,	107842),
(57227,	'ability_mount_drake_red',	77068,	'Emissaire du Crépuscule',	4,	107844),
(57228,	'ability_mount_drake_red',	77069,	'Suivante de la Lieuse-de-Vie',	4,	107845),
(58169,	'inv_dragonchromaticmount',	78924,	'Cœur des Aspects',	4,	110051),
(58521,	'inv_jewelcrafting_rubyserpent',	87769,	'Serpent-nuage cramoisi',	4,	127156),
(58522,	'inv_pandarenserpentmount_blue',	85430,	'Serpent-nuage azur',	4,	123992),
(58523,	'inv_pandarenserpentmount_green',	79802,	'Serpent-nuage de jade',	4,	113199),
(58524,	'inv_pandarenserpentmount_yellow',	85429,	'Serpent-nuage doré',	4,	123993),
(58525,	'inv_pandarenserpentmount_blue',	87768,	'Serpent-nuage onyx',	4,	127154),
(59072,	'ability_mount_feldrake',	79771,	'Gangredrake',	4,	113120),
(60941,	'ability_mount_waterstridermount',	81354,	'Trotteur aquatique azur',	4,	118089),
(61201,	'ability_mount_pandarenkitemount',	81559,	'Cerf-volant pandaren',	4,	118737),
(61589,	'ability_mount_pandarenkitemount_blue',	91802,	'Cerf-volant pandaren de jade',	4,	133023),
(61652,	'ability_mount_onyxpanther',	82453,	'Panthère d’onyx ornée de joyaux',	4,	120043),
(61809,	'ability_mount_pandaranmountgreen',	82765,	'Tortue-dragon verte',	3,	120395),
(62106,	'ability_mount_pandaranmountepicred',	82811,	'Grande tortue-dragon rouge',	4,	120822),
(62396,	'ability_mount_siberiantigermount',	89307,	'Tigre de monte pandashan bleu',	4,	129934),
(62454,	'inv_misc_reforgedarchstone_01',	83086,	'Aile-de-nuit obsidienne',	4,	121820),
(62458,	'ability_mount_onyxpanther_red',	83087,	'Panthère de rubis',	3,	121838),
(62459,	'ability_mount_onyxpanther_blue',	83090,	'Panthère de saphir',	3,	121836),
(62460,	'ability_mount_onyxpanther_yellow',	83089,	'Panthère en héliolithe',	3,	121839),
(62461,	'ability_mount_onyxpanther_green',	83088,	'Panthère de jade',	3,	121837),
(62809,	'ability_mount_travellersyakmount',	84101,	'Yack de la grande expédition',	4,	122708),
(63042,	'ability_mount_yakmount',	84753,	'Yack de monte blanc',	4,	123182),
(63502,	'ability_mount_hordescorpionamber',	85262,	'Scorpion d’ambre',	4,	123886),
(63766,	'inv_pandarenserpentmount_lightning_green',	85666,	'Serpent-nuage de jade fulminant',	4,	124408),
(63816,	'ability_mount_drake_twilight',	85785,	'Drake du Crépuscule du gladiateur cataclysmique',	4,	124550),
(63831,	'ability_mount_quilenflyingmount',	85870,	'Quilen impérial',	4,	124659),
(64715,	'ability_mount_rocketmount3',	87250,	'Fusée au kyparium appauvri',	3,	126507),
(64716,	'ability_mount_rocketmount4',	87251,	'File-monde géosynchrone',	3,	126508),
(64986,	'inv_pandarenserpentgodmount_black',	87771,	'Serpent-nuage céleste onyx',	4,	127158),
(64990,	'inv_pandarenserpentgodmount_red',	87773,	'Serpent-nuage céleste cramoisi',	4,	127161),
(64991,	'inv_pandarenserpentgodmount_gold',	87774,	'Serpent-nuage céleste doré',	4,	127164),
(64992,	'ability_monk_summonserpentstatue',	87775,	'Yu’lei, fille du jade',	4,	127165),
(64993,	'inv_bluegodcloudserpent',	87776,	'Serpent-nuage céleste azur',	4,	127169),
(64996,	'inv_celestialserpentmount',	87777,	'Serpent-nuage astral',	4,	127170),
(65006,	'ability_mount_cranemountblue',	87781,	'Grue de monte azur',	4,	127174),
(65007,	'ability_mount_cranemount',	87782,	'Grue de monte dorée',	4,	127176),
(65009,	'ability_mount_cranemountpurple',	87783,	'Grue de monte régalienne',	4,	127177),
(65015,	'ability_mount_yakmountblack',	87786,	'Yack de monte noir',	4,	127209),
(65016,	'ability_mount_yakmountwhite',	87787,	'Yack de monte brun',	4,	127213),
(65017,	'ability_mount_yakmountgrey',	87788,	'Yack de monte gris',	4,	127216),
(65018,	'ability_mount_yakmountbrown',	87789,	'Yack de monte blond',	4,	127220),
(65030,	'ability_mount_waterstridermount',	87791,	'Trotteur aquatique cramoisi',	4,	127271),
(65058,	'ability_mount_pandaranmountblack',	87795,	'Tortue-dragon noire',	3,	127286),
(65060,	'ability_mount_pandaranmountblue',	87796,	'Tortue-dragon bleue',	3,	127287),
(65061,	'ability_mount_pandaranmountbrown',	87797,	'Tortue-dragon brune',	3,	127288),
(65063,	'ability_mount_pandaranmountpurple',	87799,	'Tortue-dragon violette',	3,	127289),
(65065,	'ability_mount_pandaranmountred',	87800,	'Tortue-dragon rouge',	3,	127290),
(65071,	'ability_mount_pandaranmountepic',	87801,	'Grande tortue-dragon verte',	4,	127293),
(65072,	'ability_mount_pandaranmountepicblack',	87802,	'Grande tortue-dragon noire',	4,	127295),
(65074,	'ability_mount_pandaranmountepicblue',	87803,	'Grande tortue-dragon bleue',	4,	127302),
(65076,	'ability_mount_pandaranmountepicbrown',	87804,	'Grande tortue-dragon brune',	4,	127308),
(65078,	'ability_mount_pandaranmountepicpurple',	87805,	'Grande tortue-dragon violette',	4,	127310),
(65851,	'ability_mount_pandarenphoenix_red',	89154,	'Phénix pandaren cramoisi',	4,	129552),
(66051,	'inv_pandarenserpentmount_lightning_yellow',	89304,	'Serpent-nuage vénérable fulminant',	4,	129918),
(66060,	'ability_mount_siberiantigermount',	89305,	'Tigre de monte pandashan vert',	4,	129932),
(66062,	'ability_mount_siberiantigermount',	89306,	'Tigre de monte pandashan rouge',	4,	129935),
(66150,	'ability_mount_goatmountbrown',	89362,	'Chèvre de monte brune',	4,	130086),
(66151,	'ability_mount_cloudmount',	89363,	'Nuage volant rouge',	3,	130092),
(66176,	'ability_mount_goatmountwhite',	89390,	'Chèvre de monte blanche',	4,	130137),
(66177,	'ability_mount_goatmountblack',	89391,	'Chèvre de monte noire',	4,	130138),
(66645,	'inv_mushanbeastmount',	89783,	'Fils de Galion',	4,	130965),
(66661,	'ability_mount_pandarenkitemount_blue',	89785,	'Cerf-volant pandaren',	4,	130985),
(66970,	'ability_mount_pandarenphoenix_purple',	90712,	'Phénix pandaren pourpre',	4,	132119),
(66971,	'ability_mount_pandarenphoenix_green',	90710,	'Phénix pandaren cendré',	4,	132117),
(66972,	'ability_mount_pandarenphoenix_yellow',	90711,	'Phénix pandaren émeraude',	4,	132118),
(67145,	'inv_pandarenserpentmount_lightning',	90655,	'Serpent-nuage de rubis fulminant',	4,	132036),
(67803,	'inv_tailoring_blackcarpet',	115363,	'Tapis rampant',	4,	169952),
(68288,	'ability_mount_swiftwindsteed',	92724,	'Palefroi des vents',	4,	134573),
(68771,	'inv_misc_elitegryphonarmored',	93168,	'Grand griffon cuirassé',	4,	135416),
(69066,	'inv_misc_elitewyvern',	93386,	'Grande wyverne',	4,	136164),
(69067,	'inv_misc_elitegryphon',	93385,	'Grand griffon',	4,	136163),
(69158,	'ability_mount_pterodactylmount',	93662,	'Hurleciel cuirassé',	4,	136400),
(69204,	'ability_mount_triceratopsmount',	93666,	'Rejeton d’Horridon',	4,	136471),
(69219,	'inv_ghostlycharger',	93671,	'Destrier ignoble',	4,	136505),
(69829,	'ability_mount_triceratopsmount_blue',	94228,	'Navrecorne primordial cobalt',	4,	138423),
(69830,	'ability_mount_triceratopsmount_grey',	94229,	'Navrecorne primordial ardoise',	4,	138425),
(69831,	'ability_mount_triceratopsmount_green',	94231,	'Navrecorne primordial jade',	4,	138426),
(69832,	'ability_mount_triceratopsmount_yellow',	94230,	'Navrecorne primordial d’ambre',	4,	138424),
(70024,	'ability_mount_raptor_white',	94290,	'Raptor primordial ivoirin',	4,	138640),
(70025,	'ability_hunter_pet_raptor',	94291,	'Raptor primordial rouge',	4,	138641),
(70026,	'ability_mount_raptor_black',	94292,	'Raptor primordial noir',	4,	138642),
(70027,	'ability_mount_raptor',	94293,	'Raptor primordial vert',	4,	138643),
(70280,	'inv_pandarenserpentmount_white',	95041,	'Serpent-nuage du gladiateur malveillant',	4,	139407),
(70300,	'inv_pandarenserpentmount_lightning_blue',	95057,	'Serpent-nuage de cobalt fulminant',	4,	139442),
(70302,	'achievement_boss_ji-kun',	95059,	'Etreinte de Ji Kun',	4,	139448),
(70356,	'ability_mount_epicbatmount',	95341,	'Aile-de-sang cuirassée',	4,	139595),
(70524,	'ability_mount_triceratopsmount_orange',	95564,	'Navrecorne primordial doré',	4,	140249),
(70525,	'ability_mount_triceratopsmount_red',	95565,	'Navrecorne primordial cramoisi',	4,	140250),
(71313,	'ability_mount_dragonhawkarmorhorde',	98104,	'Faucon-dragon rouge cuirassé',	4,	142266),
(71381,	'ability_mount_dragonhawkarmorallliance',	98259,	'Faucon-dragon bleu cuirassé',	4,	142478),
(71423,	'inv_mushanbeastmount',	98405,	'Mushan mastoc de bastonneur',	4,	142641),
(71486,	'inv_pegasusmount',	98618,	'Deckstrier ailé',	4,	142073),
(71497,	'ability_mount_steelwarhorse',	129922,	'Destrier spectral bardé de fer',	4,	142910),
(73042,	'ability_mount_warnightsaber',	102514,	'Sabre de guerre vicieux',	4,	146615),
(73060,	'inv_skeletalwarhorse',	102533,	'Cheval de guerre squelette vicieux',	4,	146622),
(73672,	'ability_mount_korkronprotodrake',	104208,	'Rejeton de Galakras',	4,	148392),
(73681,	'inv_mount_hordescorpiong',	104253,	'Mastodonte kor’kron',	4,	148417),
(73689,	'inv_mushanbeastmountblack',	103638,	'Mushan cendrepeau',	4,	148428),
(73702,	'inv_pandarenserpentmount_lightning_black',	104269,	'Serpent-nuage d’onyx fulminant',	4,	148476),
(73778,	'inv_pandarenserpentmount_white',	104325,	'Serpent-nuage du gladiateur tyrannique',	4,	148618),
(73779,	'inv_pandarenserpentmount_white',	104326,	'Serpent-nuage du gladiateur dramatique',	4,	148619),
(73780,	'inv_pandarenserpentmount_white',	104327,	'Serpent-nuage du gladiateur orgueilleux',	4,	148620),
(74410,	'inv_misc_elitehippogryph',	106246,	'Hippogriffe émeraude',	4,	149801),
(76084,	'ability_mount_ironchimera',	107951,	'Saccage-ciel de Fer',	4,	153489),
(77178,	'inv_ravenlordmount',	109013,	'Corbeau de l’effroi',	4,	155741),
(77186,	'ability_mount_elekkdraenormount',	116663,	'Brocheperle sombrepoil',	3,	171624),
(77689,	'ability_mount_talbukdraenormount',	116773,	'Trotte-brise rapide',	4,	171830),
(78391,	'inv_faeriedragonmount',	97989,	'Dragon-faë enchanté',	4,	142878),
(78443,	'ability_mount_elekkdraenormount',	116662,	'Foule-prairie apprivoisé',	3,	171623),
(80651,	'ability_mount_clockworkhorse',	112326,	'Méca-cavale de cauchemar',	4,	163024),
(80674,	'ability_mount_ravager2mount',	112327,	'Saccageur sinistre',	4,	163025),
(85286,	'ability_hunter_pet_corehound',	115484,	'Chien du magma',	4,	170347),
(85833,	'inv_lessergronnmount_red',	116383,	'Gronnlin trotte-sang',	4,	171436),
(86480,	'ability_mount_blackdirewolf',	116794,	'Garn nocthurle',	4,	171851),
(87076,	'inv_wolfdraenormountbrown',	116784,	'Grogneur apprivoisé',	3,	171841),
(87080,	'inv_hippo_green',	116676,	'Bourbefleuve apprivoisé',	3,	171638),
(87081,	'inv_giantboarmount_brown',	116672,	'Tranchedos domestiqué',	3,	171634),
(87423,	'ability_mount_elekkdraenormount',	116661,	'Foule-prairie tacheté',	4,	171622),
(87503,	'inv_chopper_alliance',	116789,	'Motolame de champion',	4,	171846),
(88037,	'ability_mount_viciouswarraptor',	116778,	'Raptor de guerre vicieux',	4,	171835),
(89959,	'ability_mount_fireravengodmountpurple',	121815,	'Serre du Vide de l’Étoile noire',	4,	179478),
(91490,	'inv_lavahorse',	118515,	'Destrier cendrecrin',	4,	171847),
(91905,	'inv_felstalkermount',	128425,	'Traqueur gangrené illidari',	4,	189998),
(91986,	'inv_saber2mount',	122469,	'Sabrerune mystique',	4,	180545),
(95827,	'inv_moosemount',	128422,	'Gardien du Bosquet',	4,	189999),
(101518,	'inv_dhmount_felsaber',	0,	'Gangresabre',	1,	200175),
(107475,	'inv_mount_felcorehoundmoun',	137686,	'Dévoreur lige-acier',	4,	213209),
(110708,	'inv_ratmount',	138387,	'Ralezan',	4,	215558),
(112432,	'ability_mount_shreddermount',	140500,	'Extracteur de bois mécanique',	4,	223814),
(116231,	'inv_mount_vicioushorse',	140353,	'Cheval de guerre gilnéen vicieux',	4,	223341),
(119386,	'inv_warlockmount',	0,	'Destrier du courroux chaotique de seigneur du Néant',	1,	232412),
(119571,	'inv_huntermount',	142227,	'Loup-faucon loyal de maître chasseur',	4,	229386),
(119708,	'ability_mount_dkmount',	142231,	'Vainqueur couvepeste de seigneur de la mort',	4,	229387),
(119919,	'inv_dhmount',	0,	'Hurleur gangrebrisé de vengeur',	1,	229417),
(120037,	'inv_warriormount',	142232,	'Wyrm sanguinaire de seigneur de bataille',	4,	229388),
(120918,	'inv_shamanmount',	143489,	'Tempête déchaînée de long-voyant',	4,	231442),
(121727,	'inv_viciousgoblintrike',	140354,	'Triklomoteur de guerre vicieux',	4,	223354),
(122124,	'inv_priestmount',	0,	'Veilleur ligelumière de grand prêtre',	1,	229377),
(123390,	'inv_argustalbukmount_black',	152791,	'Foule-ruines sable',	4,	242305),
(124149,	'inv_suramarmount',	142436,	'Sabre-de-mana d’arcaniste',	4,	230987),
(126570,	'inv_lightforgedelekk',	153042,	'Gangrebroyeur glorieux',	4,	254069),
(132620,	'inv_hmmoosemount',	155662,	'Sabot-tonnerre de Haut-Roc',	4,	258060),
(132621,	'inv_lightforgedelekk',	155656,	'Gangrebroyeur sancteforge',	4,	258022),
(132622,	'ability_mount_voidelfstridermount',	156486,	'Trotteur du Vide astral',	4,	259202),
(132623,	'inv_nightborneracialmount',	156487,	'Sabre-de-mana sacrenuit',	4,	258845);

DROP TABLE IF EXISTS `wc_mount_members`;
CREATE TABLE `wc_mount_members` (
  `mounts_collected_creature_id` int(11) DEFAULT NULL,
  `name` varchar(20) DEFAULT NULL
) ENGINE=InnoDB DEFAULT CHARSET=utf8;

TRUNCATE `wc_mount_members`;
INSERT INTO `wc_mount_members` (`mounts_collected_creature_id`, `name`) VALUES
(-61804,	'Itaelle'),
(-63032,	'Itaelle'),
(62454,	'Itaelle'),
(-79583,	'Itaelle'),
(-68053,	'Itaelle'),
(-73784,	'Itaelle'),
(-73248,	'Itaelle'),
(-70062,	'Itaelle'),
(29046,	'Itaelle'),
(14547,	'Itaelle'),
(14546,	'Itaelle'),
(33316,	'Itaelle'),
(14335,	'Itaelle'),
(14548,	'Itaelle'),
(34554,	'Itaelle'),
(24368,	'Itaelle'),
(-78092,	'Itaelle'),
(18545,	'Itaelle'),
(66661,	'Itaelle'),
(61589,	'Itaelle'),
(-70063,	'Itaelle'),
(-76586,	'Itaelle'),
(16509,	'Itaelle'),
(21354,	'Itaelle'),
(55273,	'Itaelle'),
(85286,	'Itaelle'),
(66176,	'Itaelle'),
(66150,	'Itaelle'),
(66177,	'Itaelle'),
(-76424,	'Itaelle'),
(-71001,	'Itaelle'),
(-70999,	'Itaelle'),
(-70996,	'Itaelle'),
(-70998,	'Itaelle'),
(-79593,	'Itaelle'),
(-71939,	'Itaelle'),
(71486,	'Itaelle'),
(14745,	'Itaelle'),
(26585,	'Itaelle'),
(11195,	'Itaelle'),
(71497,	'Itaelle'),
(-59837,	'Itaelle'),
(-78105,	'Itaelle'),
(32158,	'Itaelle'),
(31694,	'Itaelle'),
(31695,	'Itaelle'),
(31717,	'Itaelle'),
(50269,	'Itaelle'),
(23456,	'Itaelle'),
(23460,	'Itaelle'),
(23455,	'Itaelle'),
(23459,	'Itaelle'),
(23458,	'Itaelle'),
(23457,	'Itaelle'),
(47631,	'Itaelle'),
(47651,	'Itaelle'),
(47352,	'Itaelle'),
(31698,	'Itaelle'),
(47648,	'Itaelle'),
(47646,	'Itaelle'),
(47353,	'Itaelle'),
(47647,	'Itaelle'),
(57226,	'Itaelle'),
(31778,	'Itaelle'),
(36837,	'Itaelle'),
(30161,	'Itaelle'),
(40025,	'Itaelle'),
(47652,	'Itaelle'),
(47653,	'Itaelle'),
(107475,	'Itaelle'),
(26439,	'Itaelle'),
(33318,	'Itaelle'),
(57227,	'Itaelle'),
(-70874,	'Itaelle'),
(70302,	'Itaelle'),
(-75585,	'Itaelle'),
(55829,	'Itaelle'),
(112432,	'Itaelle'),
(52807,	'Itaelle'),
(52748,	'Itaelle'),
(52756,	'Itaelle'),
(31239,	'Itaelle'),
(71381,	'Itaelle'),
(-65994,	'Itaelle'),
(22969,	'Itaelle'),
(-73991,	'Itaelle'),
(-76311,	'Itaelle'),
(87423,	'Itaelle'),
(-79438,	'Itaelle'),
(-79443,	'Itaelle'),
(-79444,	'Itaelle'),
(-79441,	'Itaelle'),
(-79437,	'Itaelle'),
(123390,	'Itaelle'),
(-79440,	'Itaelle'),
(40725,	'Itaelle'),
(26164,	'Itaelle'),
(-79789,	'Itaelle'),
(126570,	'Itaelle'),
(132621,	'Itaelle'),
(-79790,	'Itaelle'),
(95827,	'Itaelle'),
(86480,	'Itaelle'),
(-46686,	'Itaelle'),
(20848,	'Itaelle'),
(33415,	'Itaelle'),
(20849,	'Itaelle'),
(20850,	'Itaelle'),
(69067,	'Itaelle'),
(68771,	'Itaelle'),
(-59736,	'Itaelle'),
(27707,	'Itaelle'),
(31862,	'Itaelle'),
(31858,	'Itaelle'),
(65074,	'Itaelle'),
(65076,	'Itaelle'),
(65072,	'Itaelle'),
(62106,	'Itaelle'),
(65071,	'Itaelle'),
(65078,	'Itaelle'),
(18361,	'Itaelle'),
(27258,	'Itaelle'),
(18376,	'Itaelle'),
(18375,	'Itaelle'),
(18362,	'Itaelle'),
(-79592,	'Itaelle'),
(-60578,	'Itaelle'),
(-64426,	'Itaelle'),
(85833,	'Itaelle'),
(65006,	'Itaelle'),
(65007,	'Itaelle'),
(65009,	'Itaelle'),
(-79595,	'Itaelle'),
(53270,	'Itaelle'),
(24488,	'Itaelle'),
(24489,	'Itaelle'),
(24487,	'Itaelle'),
(52672,	'Itaelle'),
(-63628,	'Itaelle'),
(-63625,	'Itaelle'),
(74410,	'Itaelle'),
(69158,	'Itaelle'),
(-70051,	'Itaelle'),
(3068,	'Itaelle'),
(38260,	'Itaelle'),
(-51482,	'Itaelle'),
(-59762,	'Itaelle'),
(-63873,	'Itaelle'),
(24654,	'Itaelle'),
(31849,	'Itaelle'),
(32212,	'Itaelle'),
(31855,	'Itaelle'),
(31851,	'Itaelle'),
(73681,	'Itaelle'),
(-79479,	'Itaelle'),
(-79480,	'Itaelle'),
(87503,	'Itaelle'),
(73689,	'Itaelle'),
(71423,	'Itaelle'),
(14552,	'Itaelle'),
(33301,	'Itaelle'),
(14551,	'Itaelle'),
(14553,	'Itaelle'),
(69830,	'Itaelle'),
(70524,	'Itaelle'),
(69832,	'Itaelle'),
(69831,	'Itaelle'),
(-67039,	'Itaelle'),
(-79613,	'Itaelle'),
(32206,	'Itaelle'),
(55188,	'Itaelle'),
(53276,	'Itaelle'),
(32203,	'Itaelle'),
(29596,	'Itaelle'),
(14561,	'Itaelle'),
(14560,	'Itaelle'),
(33217,	'Itaelle'),
(14332,	'Itaelle'),
(-65760,	'Itaelle'),
(34017,	'Itaelle'),
(33840,	'Itaelle'),
(49487,	'Itaelle'),
(14559,	'Itaelle'),
(61652,	'Itaelle'),
(52178,	'Itaelle'),
(66971,	'Itaelle'),
(65851,	'Itaelle'),
(66970,	'Itaelle'),
(66972,	'Itaelle'),
(47841,	'Itaelle'),
(-59744,	'Itaelle'),
(-72700,	'Itaelle'),
(33892,	'Itaelle'),
(32151,	'Itaelle'),
(32157,	'Itaelle'),
(31902,	'Itaelle'),
(33904,	'Itaelle'),
(32562,	'Itaelle'),
(-79484,	'Itaelle'),
(-79487,	'Itaelle'),
(-79486,	'Itaelle'),
(-74900,	'Itaelle'),
(-79485,	'Itaelle'),
(-73254,	'Itaelle'),
(22977,	'Itaelle'),
(22978,	'Itaelle'),
(22976,	'Itaelle'),
(22958,	'Itaelle'),
(22975,	'Itaelle'),
(110708,	'Itaelle'),
(45338,	'Itaelle'),
(70024,	'Itaelle'),
(70026,	'Itaelle'),
(70025,	'Itaelle'),
(70027,	'Itaelle'),
(38987,	'Itaelle'),
(73672,	'Itaelle'),
(69204,	'Itaelle'),
(48632,	'Itaelle'),
(-68851,	'Itaelle'),
(-74298,	'Itaelle'),
(14555,	'Itaelle'),
(11021,	'Itaelle'),
(14556,	'Itaelle'),
(33319,	'Itaelle'),
(124149,	'Itaelle'),
(33298,	'Itaelle'),
(14602,	'Itaelle'),
(80674,	'Itaelle'),
(-67594,	'Itaelle'),
(-68849,	'Itaelle'),
(63502,	'Itaelle'),
(-70060,	'Itaelle'),
(23408,	'Itaelle'),
(64996,	'Itaelle'),
(58522,	'Itaelle'),
(58521,	'Itaelle'),
(64993,	'Itaelle'),
(64990,	'Itaelle'),
(64991,	'Itaelle'),
(58523,	'Itaelle'),
(63766,	'Itaelle'),
(67145,	'Itaelle'),
(58524,	'Itaelle'),
(73702,	'Itaelle'),
(58525,	'Itaelle'),
(66051,	'Itaelle'),
(54395,	'Itaelle'),
(-70061,	'Itaelle'),
(-64960,	'Itaelle'),
(57228,	'Itaelle'),
(20152,	'Itaelle'),
(20151,	'Itaelle'),
(20150,	'Itaelle'),
(20072,	'Itaelle'),
(20149,	'Itaelle'),
(22512,	'Itaelle'),
(22514,	'Itaelle'),
(22513,	'Itaelle'),
(22510,	'Itaelle'),
(22511,	'Itaelle'),
(67803,	'Itaelle'),
(32634,	'Itaelle'),
(33030,	'Itaelle'),
(-74480,	'Itaelle'),
(-65040,	'Itaelle'),
(14336,	'Itaelle'),
(62396,	'Itaelle'),
(66062,	'Itaelle'),
(66060,	'Itaelle'),
(-68848,	'Itaelle'),
(17266,	'Itaelle'),
(91905,	'Itaelle'),
(77689,	'Itaelle'),
(60941,	'Itaelle'),
(65030,	'Itaelle'),
(14334,	'Itaelle'),
(5521,	'Itaelle'),
(132622,	'Itaelle'),
(54741,	'Itaelle'),
(14563,	'Itaelle'),
(33848,	'Itaelle'),
(38778,	'Itaelle'),
(38695,	'Itaelle'),
(-74314,	'Itaelle'),
(-69276,	'Itaelle'),
(-76646,	'Itaelle'),
(62809,	'Itaelle'),
(65018,	'Itaelle'),
(65017,	'Itaelle'),
(64992,	'Itaelle'),
(-59323,	'Itaelle'),
(87080,	'Itaelle'),
(-59745,	'Itaelle'),
(-59739,	'Itaelle'),
(-59735,	'Itaelle'),
(-59367,	'Itaelle'),
(4777,	'Itaelle'),
(4779,	'Itaelle'),
(4710,	'Itaelle'),
(15666,	'Itaelle'),
(15714,	'Itaelle'),
(15716,	'Itaelle'),
(15715,	'Itaelle'),
(284,	'Itaelle'),
(55272,	'Itaelle'),
(-59363,	'Itaelle'),
(-59343,	'Itaelle'),
(17530,	'Itaelle'),
(20846,	'Itaelle'),
(20847,	'Itaelle'),
(308,	'Itaelle'),
(-59366,	'Itaelle'),
(64716,	'Itaelle'),
(-59321,	'Itaelle'),
(78443,	'Itaelle'),
(64715,	'Itaelle'),
(26192,	'Itaelle'),
(18360,	'Itaelle'),
(18357,	'Itaelle'),
(18359,	'Itaelle'),
(87076,	'Itaelle'),
(-59737,	'Itaelle'),
(40054,	'Itaelle'),
(-59347,	'Itaelle'),
(4269,	'Itaelle'),
(-59753,	'Itaelle'),
(24418,	'Itaelle'),
(-59752,	'Itaelle'),
(7749,	'Itaelle'),
(10180,	'Itaelle'),
(7739,	'Itaelle'),
(11147,	'Itaelle'),
(66151,	'Itaelle'),
(62461,	'Itaelle'),
(62458,	'Itaelle'),
(62459,	'Itaelle'),
(62460,	'Itaelle'),
(-59365,	'Itaelle'),
(307,	'Itaelle'),
(-59746,	'Itaelle'),
(-59342,	'Itaelle'),
(-59320,	'Itaelle'),
(-59324,	'Itaelle'),
(6074,	'Itaelle'),
(7687,	'Itaelle'),
(35168,	'Itaelle'),
(7690,	'Itaelle'),
(-59348,	'Itaelle'),
(-59344,	'Itaelle'),
(-59349,	'Itaelle'),
(-64849,	'Itaelle'),
(-64726,	'Itaelle'),
(25460,	'Itaelle'),
(34187,	'Itaelle'),
(65060,	'Itaelle'),
(65061,	'Itaelle'),
(65058,	'Itaelle'),
(65065,	'Itaelle'),
(61809,	'Itaelle'),
(65063,	'Itaelle'),
(-59346,	'Itaelle'),
(87081,	'Itaelle'),
(-60577,	'Itaelle'),
(14505,	'Itaelle'),
(304,	'Itaelle'),
(-80358,	'Itaelle'),
(122124,	'Itaelle'),
(-80357,	'Itaelle'),
(-79583,	'Magenmagot'),
(-73248,	'Magenmagot'),
(14547,	'Magenmagot'),
(14546,	'Magenmagot'),
(14335,	'Magenmagot'),
(14548,	'Magenmagot'),
(24368,	'Magenmagot'),
(61589,	'Magenmagot'),
(116231,	'Magenmagot'),
(55273,	'Magenmagot'),
(66150,	'Magenmagot'),
(-76424,	'Magenmagot'),
(71486,	'Magenmagot'),
(14745,	'Magenmagot'),
(71497,	'Magenmagot'),
(32158,	'Magenmagot'),
(31717,	'Magenmagot'),
(23456,	'Magenmagot'),
(23460,	'Magenmagot'),
(23455,	'Magenmagot'),
(23459,	'Magenmagot'),
(23458,	'Magenmagot'),
(23457,	'Magenmagot'),
(47352,	'Magenmagot'),
(31698,	'Magenmagot'),
(47353,	'Magenmagot'),
(47647,	'Magenmagot'),
(31778,	'Magenmagot'),
(30161,	'Magenmagot'),
(47652,	'Magenmagot'),
(47653,	'Magenmagot'),
(26439,	'Magenmagot'),
(57227,	'Magenmagot'),
(52807,	'Magenmagot'),
(31239,	'Magenmagot'),
(-79440,	'Magenmagot'),
(40725,	'Magenmagot'),
(95827,	'Magenmagot'),
(20848,	'Magenmagot'),
(20849,	'Magenmagot'),
(20850,	'Magenmagot'),
(69067,	'Magenmagot'),
(68771,	'Magenmagot'),
(65074,	'Magenmagot'),
(65076,	'Magenmagot'),
(65072,	'Magenmagot'),
(62106,	'Magenmagot'),
(65071,	'Magenmagot'),
(65078,	'Magenmagot'),
(18361,	'Magenmagot'),
(27258,	'Magenmagot'),
(18376,	'Magenmagot'),
(18375,	'Magenmagot'),
(18362,	'Magenmagot'),
(65006,	'Magenmagot'),
(65007,	'Magenmagot'),
(65009,	'Magenmagot'),
(24488,	'Magenmagot'),
(24489,	'Magenmagot'),
(52672,	'Magenmagot'),
(-73817,	'Magenmagot'),
(119571,	'Magenmagot'),
(24654,	'Magenmagot'),
(31849,	'Magenmagot'),
(32212,	'Magenmagot'),
(31851,	'Magenmagot'),
(14552,	'Magenmagot'),
(33301,	'Magenmagot'),
(14551,	'Magenmagot'),
(14553,	'Magenmagot'),
(32206,	'Magenmagot'),
(53276,	'Magenmagot'),
(14561,	'Magenmagot'),
(14560,	'Magenmagot'),
(33217,	'Magenmagot'),
(14332,	'Magenmagot'),
(53885,	'Magenmagot'),
(49487,	'Magenmagot'),
(14559,	'Magenmagot'),
(47841,	'Magenmagot'),
(31902,	'Magenmagot'),
(33904,	'Magenmagot'),
(-79487,	'Magenmagot'),
(-79486,	'Magenmagot'),
(70025,	'Magenmagot'),
(70027,	'Magenmagot'),
(48632,	'Magenmagot'),
(-74298,	'Magenmagot'),
(73042,	'Magenmagot'),
(14555,	'Magenmagot'),
(11021,	'Magenmagot'),
(14556,	'Magenmagot'),
(124149,	'Magenmagot'),
(14602,	'Magenmagot'),
(-67594,	'Magenmagot'),
(58523,	'Magenmagot'),
(63766,	'Magenmagot'),
(58525,	'Magenmagot'),
(20152,	'Magenmagot'),
(20151,	'Magenmagot'),
(20150,	'Magenmagot'),
(20072,	'Magenmagot'),
(22512,	'Magenmagot'),
(22514,	'Magenmagot'),
(22513,	'Magenmagot'),
(22510,	'Magenmagot'),
(-65040,	'Magenmagot'),
(14336,	'Magenmagot'),
(62396,	'Magenmagot'),
(66062,	'Magenmagot'),
(66060,	'Magenmagot'),
(14334,	'Magenmagot'),
(38778,	'Magenmagot'),
(38695,	'Magenmagot'),
(-74315,	'Magenmagot'),
(-74104,	'Magenmagot'),
(120037,	'Magenmagot'),
(4777,	'Magenmagot'),
(4779,	'Magenmagot'),
(4710,	'Magenmagot'),
(15666,	'Magenmagot'),
(15714,	'Magenmagot'),
(15716,	'Magenmagot'),
(15715,	'Magenmagot'),
(284,	'Magenmagot'),
(17530,	'Magenmagot'),
(20846,	'Magenmagot'),
(20847,	'Magenmagot'),
(308,	'Magenmagot'),
(18360,	'Magenmagot'),
(18357,	'Magenmagot'),
(18359,	'Magenmagot'),
(40054,	'Magenmagot'),
(4269,	'Magenmagot'),
(24418,	'Magenmagot'),
(7749,	'Magenmagot'),
(10180,	'Magenmagot'),
(7739,	'Magenmagot'),
(11147,	'Magenmagot'),
(66151,	'Magenmagot'),
(307,	'Magenmagot'),
(-59746,	'Magenmagot'),
(6074,	'Magenmagot'),
(7687,	'Magenmagot'),
(35168,	'Magenmagot'),
(7690,	'Magenmagot'),
(25460,	'Magenmagot'),
(65060,	'Magenmagot'),
(65061,	'Magenmagot'),
(65058,	'Magenmagot'),
(65065,	'Magenmagot'),
(61809,	'Magenmagot'),
(65063,	'Magenmagot'),
(-73770,	'Magenmagot'),
(-61804,	'Monkiwi'),
(-63032,	'Monkiwi'),
(62454,	'Monkiwi'),
(-79583,	'Monkiwi'),
(-68053,	'Monkiwi'),
(-73784,	'Monkiwi'),
(-73248,	'Monkiwi'),
(-70062,	'Monkiwi'),
(29046,	'Monkiwi'),
(14547,	'Monkiwi'),
(14546,	'Monkiwi'),
(33316,	'Monkiwi'),
(14335,	'Monkiwi'),
(14548,	'Monkiwi'),
(34554,	'Monkiwi'),
(24368,	'Monkiwi'),
(-78092,	'Monkiwi'),
(18545,	'Monkiwi'),
(66661,	'Monkiwi'),
(61589,	'Monkiwi'),
(-70063,	'Monkiwi'),
(-76586,	'Monkiwi'),
(16509,	'Monkiwi'),
(21354,	'Monkiwi'),
(55273,	'Monkiwi'),
(85286,	'Monkiwi'),
(66176,	'Monkiwi'),
(66150,	'Monkiwi'),
(66177,	'Monkiwi'),
(-76424,	'Monkiwi'),
(-71001,	'Monkiwi'),
(-70999,	'Monkiwi'),
(-70996,	'Monkiwi'),
(-70998,	'Monkiwi'),
(-79593,	'Monkiwi'),
(-71939,	'Monkiwi'),
(71486,	'Monkiwi'),
(14745,	'Monkiwi'),
(26585,	'Monkiwi'),
(11195,	'Monkiwi'),
(71497,	'Monkiwi'),
(-59837,	'Monkiwi'),
(-78105,	'Monkiwi'),
(32158,	'Monkiwi'),
(31694,	'Monkiwi'),
(31695,	'Monkiwi'),
(31717,	'Monkiwi'),
(50269,	'Monkiwi'),
(23456,	'Monkiwi'),
(23460,	'Monkiwi'),
(23455,	'Monkiwi'),
(23459,	'Monkiwi'),
(23458,	'Monkiwi'),
(23457,	'Monkiwi'),
(47631,	'Monkiwi'),
(47651,	'Monkiwi'),
(47352,	'Monkiwi'),
(31698,	'Monkiwi'),
(47648,	'Monkiwi'),
(47646,	'Monkiwi'),
(47353,	'Monkiwi'),
(47647,	'Monkiwi'),
(57226,	'Monkiwi'),
(31778,	'Monkiwi'),
(36837,	'Monkiwi'),
(30161,	'Monkiwi'),
(40025,	'Monkiwi'),
(47652,	'Monkiwi'),
(47653,	'Monkiwi'),
(107475,	'Monkiwi'),
(26439,	'Monkiwi'),
(33318,	'Monkiwi'),
(57227,	'Monkiwi'),
(-70874,	'Monkiwi'),
(70302,	'Monkiwi'),
(-75585,	'Monkiwi'),
(55829,	'Monkiwi'),
(112432,	'Monkiwi'),
(52807,	'Monkiwi'),
(52748,	'Monkiwi'),
(52756,	'Monkiwi'),
(31239,	'Monkiwi'),
(71381,	'Monkiwi'),
(-65994,	'Monkiwi'),
(22969,	'Monkiwi'),
(-73991,	'Monkiwi'),
(-76311,	'Monkiwi'),
(87423,	'Monkiwi'),
(-79438,	'Monkiwi'),
(-79443,	'Monkiwi'),
(-79444,	'Monkiwi'),
(-79441,	'Monkiwi'),
(-79437,	'Monkiwi'),
(123390,	'Monkiwi'),
(-79440,	'Monkiwi'),
(40725,	'Monkiwi'),
(26164,	'Monkiwi'),
(-79789,	'Monkiwi'),
(126570,	'Monkiwi'),
(132621,	'Monkiwi'),
(-79790,	'Monkiwi'),
(95827,	'Monkiwi'),
(86480,	'Monkiwi'),
(-46686,	'Monkiwi'),
(20848,	'Monkiwi'),
(33415,	'Monkiwi'),
(20849,	'Monkiwi'),
(20850,	'Monkiwi'),
(69067,	'Monkiwi'),
(68771,	'Monkiwi'),
(-59736,	'Monkiwi'),
(27707,	'Monkiwi'),
(31862,	'Monkiwi'),
(31858,	'Monkiwi'),
(65074,	'Monkiwi'),
(65076,	'Monkiwi'),
(65072,	'Monkiwi'),
(62106,	'Monkiwi'),
(65071,	'Monkiwi'),
(65078,	'Monkiwi'),
(18361,	'Monkiwi'),
(27258,	'Monkiwi'),
(18376,	'Monkiwi'),
(18375,	'Monkiwi'),
(18362,	'Monkiwi'),
(-79592,	'Monkiwi'),
(-60578,	'Monkiwi'),
(-64426,	'Monkiwi'),
(85833,	'Monkiwi'),
(65006,	'Monkiwi'),
(65007,	'Monkiwi'),
(65009,	'Monkiwi'),
(-79595,	'Monkiwi'),
(53270,	'Monkiwi'),
(24488,	'Monkiwi'),
(24489,	'Monkiwi'),
(24487,	'Monkiwi'),
(52672,	'Monkiwi'),
(-63628,	'Monkiwi'),
(-63625,	'Monkiwi'),
(74410,	'Monkiwi'),
(69158,	'Monkiwi'),
(-70051,	'Monkiwi'),
(3068,	'Monkiwi'),
(38260,	'Monkiwi'),
(-51482,	'Monkiwi'),
(-59762,	'Monkiwi'),
(-63873,	'Monkiwi'),
(24654,	'Monkiwi'),
(31849,	'Monkiwi'),
(32212,	'Monkiwi'),
(31855,	'Monkiwi'),
(31851,	'Monkiwi'),
(73681,	'Monkiwi'),
(-79479,	'Monkiwi'),
(-79480,	'Monkiwi'),
(87503,	'Monkiwi'),
(73689,	'Monkiwi'),
(71423,	'Monkiwi'),
(14552,	'Monkiwi'),
(33301,	'Monkiwi'),
(14551,	'Monkiwi'),
(14553,	'Monkiwi'),
(69830,	'Monkiwi'),
(70524,	'Monkiwi'),
(69832,	'Monkiwi'),
(69831,	'Monkiwi'),
(-67039,	'Monkiwi'),
(-79613,	'Monkiwi'),
(32206,	'Monkiwi'),
(55188,	'Monkiwi'),
(53276,	'Monkiwi'),
(32203,	'Monkiwi'),
(29596,	'Monkiwi'),
(14561,	'Monkiwi'),
(14560,	'Monkiwi'),
(33217,	'Monkiwi'),
(14332,	'Monkiwi'),
(-65760,	'Monkiwi'),
(34017,	'Monkiwi'),
(33840,	'Monkiwi'),
(49487,	'Monkiwi'),
(14559,	'Monkiwi'),
(61652,	'Monkiwi'),
(52178,	'Monkiwi'),
(66971,	'Monkiwi'),
(65851,	'Monkiwi'),
(66970,	'Monkiwi'),
(66972,	'Monkiwi'),
(47841,	'Monkiwi'),
(-59744,	'Monkiwi'),
(-72700,	'Monkiwi'),
(33892,	'Monkiwi'),
(32151,	'Monkiwi'),
(32157,	'Monkiwi'),
(31902,	'Monkiwi'),
(33904,	'Monkiwi'),
(32562,	'Monkiwi'),
(-79484,	'Monkiwi'),
(-79487,	'Monkiwi'),
(-79486,	'Monkiwi'),
(-74900,	'Monkiwi'),
(-79485,	'Monkiwi'),
(-73254,	'Monkiwi'),
(22977,	'Monkiwi'),
(22978,	'Monkiwi'),
(22976,	'Monkiwi'),
(22958,	'Monkiwi'),
(22975,	'Monkiwi'),
(110708,	'Monkiwi'),
(45338,	'Monkiwi'),
(70024,	'Monkiwi'),
(70026,	'Monkiwi'),
(70025,	'Monkiwi'),
(70027,	'Monkiwi'),
(38987,	'Monkiwi'),
(73672,	'Monkiwi'),
(69204,	'Monkiwi'),
(48632,	'Monkiwi'),
(-68851,	'Monkiwi'),
(-74298,	'Monkiwi'),
(14555,	'Monkiwi'),
(11021,	'Monkiwi'),
(14556,	'Monkiwi'),
(33319,	'Monkiwi'),
(124149,	'Monkiwi'),
(33298,	'Monkiwi'),
(14602,	'Monkiwi'),
(80674,	'Monkiwi'),
(-67594,	'Monkiwi'),
(-68849,	'Monkiwi'),
(63502,	'Monkiwi'),
(-70060,	'Monkiwi'),
(23408,	'Monkiwi'),
(64996,	'Monkiwi'),
(58522,	'Monkiwi'),
(58521,	'Monkiwi'),
(64993,	'Monkiwi'),
(64990,	'Monkiwi'),
(64991,	'Monkiwi'),
(58523,	'Monkiwi'),
(63766,	'Monkiwi'),
(67145,	'Monkiwi'),
(58524,	'Monkiwi'),
(73702,	'Monkiwi'),
(58525,	'Monkiwi'),
(66051,	'Monkiwi'),
(54395,	'Monkiwi'),
(-70061,	'Monkiwi'),
(-64960,	'Monkiwi'),
(57228,	'Monkiwi'),
(20152,	'Monkiwi'),
(20151,	'Monkiwi'),
(20150,	'Monkiwi'),
(20072,	'Monkiwi'),
(20149,	'Monkiwi'),
(22512,	'Monkiwi'),
(22514,	'Monkiwi'),
(22513,	'Monkiwi'),
(22510,	'Monkiwi'),
(22511,	'Monkiwi'),
(67803,	'Monkiwi'),
(32634,	'Monkiwi'),
(33030,	'Monkiwi'),
(-74480,	'Monkiwi'),
(-65040,	'Monkiwi'),
(14336,	'Monkiwi'),
(62396,	'Monkiwi'),
(66062,	'Monkiwi'),
(66060,	'Monkiwi'),
(-68848,	'Monkiwi'),
(17266,	'Monkiwi'),
(91905,	'Monkiwi'),
(77689,	'Monkiwi'),
(60941,	'Monkiwi'),
(65030,	'Monkiwi'),
(14334,	'Monkiwi'),
(5521,	'Monkiwi'),
(132622,	'Monkiwi'),
(54741,	'Monkiwi'),
(14563,	'Monkiwi'),
(33848,	'Monkiwi'),
(38778,	'Monkiwi'),
(38695,	'Monkiwi'),
(-74314,	'Monkiwi'),
(-69276,	'Monkiwi'),
(-76646,	'Monkiwi'),
(62809,	'Monkiwi'),
(65018,	'Monkiwi'),
(65017,	'Monkiwi'),
(64992,	'Monkiwi'),
(-59323,	'Monkiwi'),
(87080,	'Monkiwi'),
(-59745,	'Monkiwi'),
(-59739,	'Monkiwi'),
(-59735,	'Monkiwi'),
(-59367,	'Monkiwi'),
(4777,	'Monkiwi'),
(4779,	'Monkiwi'),
(4710,	'Monkiwi'),
(15666,	'Monkiwi'),
(15714,	'Monkiwi'),
(15716,	'Monkiwi'),
(15715,	'Monkiwi'),
(284,	'Monkiwi'),
(55272,	'Monkiwi'),
(-59363,	'Monkiwi'),
(-59343,	'Monkiwi'),
(17530,	'Monkiwi'),
(20846,	'Monkiwi'),
(20847,	'Monkiwi'),
(308,	'Monkiwi'),
(-59366,	'Monkiwi'),
(64716,	'Monkiwi'),
(-59321,	'Monkiwi'),
(78443,	'Monkiwi'),
(64715,	'Monkiwi'),
(26192,	'Monkiwi'),
(18360,	'Monkiwi'),
(18357,	'Monkiwi'),
(18359,	'Monkiwi'),
(87076,	'Monkiwi'),
(-59737,	'Monkiwi'),
(40054,	'Monkiwi'),
(-59347,	'Monkiwi'),
(4269,	'Monkiwi'),
(-59753,	'Monkiwi'),
(24418,	'Monkiwi'),
(-59752,	'Monkiwi'),
(7749,	'Monkiwi'),
(10180,	'Monkiwi'),
(7739,	'Monkiwi'),
(11147,	'Monkiwi'),
(66151,	'Monkiwi'),
(62461,	'Monkiwi'),
(62458,	'Monkiwi'),
(62459,	'Monkiwi'),
(62460,	'Monkiwi'),
(-59365,	'Monkiwi'),
(307,	'Monkiwi'),
(-59746,	'Monkiwi'),
(-59342,	'Monkiwi'),
(-59320,	'Monkiwi'),
(-59324,	'Monkiwi'),
(6074,	'Monkiwi'),
(7687,	'Monkiwi'),
(35168,	'Monkiwi'),
(7690,	'Monkiwi'),
(-59348,	'Monkiwi'),
(-59344,	'Monkiwi'),
(-59349,	'Monkiwi'),
(-64849,	'Monkiwi'),
(-64726,	'Monkiwi'),
(25460,	'Monkiwi'),
(34187,	'Monkiwi'),
(65060,	'Monkiwi'),
(65061,	'Monkiwi'),
(65058,	'Monkiwi'),
(65065,	'Monkiwi'),
(61809,	'Monkiwi'),
(65063,	'Monkiwi'),
(-59346,	'Monkiwi'),
(87081,	'Monkiwi'),
(-60577,	'Monkiwi'),
(14505,	'Monkiwi'),
(304,	'Monkiwi'),
(-80358,	'Monkiwi'),
(122124,	'Monkiwi'),
(-80357,	'Monkiwi');

DROP TABLE IF EXISTS `wc_personnages`;
CREATE TABLE `wc_personnages` (
  `identification` int(11) NOT NULL,
  `Inscription` date DEFAULT NULL,
  `niveau` int(11) DEFAULT NULL,
  `pseudonyme` varchar(20) DEFAULT NULL,
  `races_id` int(11) DEFAULT NULL,
  `classes_id` int(11) DEFAULT NULL,
  PRIMARY KEY (`identification`),
  KEY `races_id` (`races_id`),
  KEY `classes_id` (`classes_id`),
  CONSTRAINT `wc_personnages_ibfk_1` FOREIGN KEY (`races_id`) REFERENCES `wc_races` (`races_id`),
  CONSTRAINT `wc_personnages_ibfk_2` FOREIGN KEY (`classes_id`) REFERENCES `wc_classes` (`classes_id`),
  CONSTRAINT `RACE_CONTRAINTE` CHECK (`races_id` >= 0),
  CONSTRAINT `CLASSE_CONTRAINTE` CHECK (`classes_id` >= 0)
) ENGINE=InnoDB DEFAULT CHARSET=utf8;

TRUNCATE `wc_personnages`;
INSERT INTO `wc_personnages` (`identification`, `Inscription`, `niveau`, `pseudonyme`, `races_id`, `classes_id`) VALUES
(1,	'2019-09-25',	100,	'Daril',	1,	2),
(2,	'2005-08-15',	100,	'Jaco',	2,	10),
(3,	'2017-11-17',	15,	'Dunbar',	7,	5),
(4,	'2018-10-18',	115,	'Zakyku',	9,	11),
(5,	'2019-09-26',	50,	'Saperlipopette',	6,	5),
(6,	'2019-09-26',	10,	'Zigomar',	10,	8),
(7,	'2019-09-26',	105,	'Sperpinette',	8,	5);

DROP TABLE IF EXISTS `wc_races`;
CREATE TABLE `wc_races` (
  `races_id` int(11) NOT NULL,
  `races_name` varchar(20) DEFAULT NULL,
  `races_side` varchar(8) DEFAULT NULL,
  `Faction_id` int(11) NOT NULL,
  PRIMARY KEY (`races_id`),
  KEY `Faction_id` (`Faction_id`),
  CONSTRAINT `wc_races_ibfk_1` FOREIGN KEY (`Faction_id`) REFERENCES `wc_Faction` (`faction_id`),
  CONSTRAINT `FACTION_CK` CHECK (`Faction_id` >= 0)
) ENGINE=InnoDB DEFAULT CHARSET=utf8;

TRUNCATE `wc_races`;
INSERT INTO `wc_races` (`races_id`, `races_name`, `races_side`, `Faction_id`) VALUES
(1,	'Humain',	'alliance',	1),
(2,	'Orc',	'horde',	2),
(3,	'Nain',	'alliance',	1),
(4,	'Elfe de la nuit',	'alliance',	1),
(5,	'Mort-vivant',	'horde',	2),
(6,	'Tauren',	'horde',	2),
(7,	'Gnome',	'alliance',	1),
(8,	'Troll',	'horde',	2),
(9,	'Gobelin',	'horde',	2),
(10,	'Elfe de sang',	'horde',	2),
(11,	'Draeneï',	'alliance',	1),
(22,	'Worgen',	'alliance',	1),
(24,	'Pandaren',	'neutral',	3),
(25,	'Pandaren',	'alliance',	1),
(26,	'Pandaren',	'horde',	2),
(27,	'Sacrenuit',	'horde',	2),
(28,	'Tauren de Haut-Roc',	'horde',	2),
(29,	'Elfe du Vide',	'alliance',	1),
(30,	'Draeneï sancteforge',	'alliance',	1);

-- 2020-12-11 13:18:37
